filename,question_count,title,date,source_url
paper_Tuesday_5th_December_2023_2023.json,2,"Tuesday, 5th December, 2023",,https://www.parliament.gov.zm/node/11478
paper_THURSDAY_3RD_JULY_2014.json,6,"Thursday, 3rd July, 2014","THURSDAY, 3RD JULY, 2014",https://www.parliament.gov.zm/node/482
paper_Friday_23rd_February_2023_2023.json,5,"Friday, 23rd February, 2023",,https://www.parliament.gov.zm/node/11590
paper_ORDER_PAPER_–_TUESDAY_14TH_JULY_2015.json,10,"Tuesday, 14th July, 2015","ORDER PAPER – TUESDAY, 14TH JULY, 2015",https://www.parliament.gov.zm/node/4295
paper_ORDER_PAPER_–_THURSDAY_14TH_APRIL_2016.json,2,"Thursday, 14th April, 2016","ORDER PAPER – THURSDAY, 14TH APRIL, 2016",https://www.parliament.gov.zm/node/5039
paper_TUESDAY_23RD_SEPTEMBER_2014.json,25,"Tuesday, 23rd September, 2014","TUESDAY, 23RD SEPTEMBER, 2014",https://www.parliament.gov.zm/node/468
paper_Friday_5th_November_2021_2021.json,6,"Friday, 5th November, 2021",,https://www.parliament.gov.zm/node/9879
paper_Thursday_17th_September_2020_2020.json,10,"Thursday, 17th September, 2020",,https://www.parliament.gov.zm/node/8452
paper_Thursday_28th_February_2019_2019.json,8,"Thursday, 28th February, 2019",,https://www.parliament.gov.zm/node/7892
paper_FRIDAY_8TH_NOVEMBER_2013.json,3,"Friday, 8th November, 2013","FRIDAY, 8TH NOVEMBER, 2013",https://www.parliament.gov.zm/node/785
paper_Thursday_25th_July_2024_2024.json,5,"Thursday, 25th July, 2024",,https://www.parliament.gov.zm/node/11824
paper_FRIDAY_14TH_FEBRUARY_2014.json,9,"Friday, 14th February, 2014","FRIDAY, 14TH FEBRUARY, 2014",https://www.parliament.gov.zm/node/660
paper_TUESDAY_10TH_JULY_2012.json,20,"Tuesday, 10th July, 2012","TUESDAY, 10TH JULY, 2012",https://www.parliament.gov.zm/node/1892
paper_ORDER_PAPER_–_WEDNESDAY_13TH_MARCH_2013.json,15,"Wednesday, 13th March, 2013","ORDER PAPER – WEDNESDAY, 13TH MARCH, 2013",https://www.parliament.gov.zm/node/1563
paper_THURSDAY_28TH_NOVEMBER_2013.json,2,"Thursday, 28th November, 2013","THURSDAY, 28TH NOVEMBER, 2013",https://www.parliament.gov.zm/node/730
paper_FRIDAY_20TH_NOVEMBER_2015.json,2,"Friday, 20th November, 2015","FRIDAY, 20TH NOVEMBER 2015",https://www.parliament.gov.zm/node/4775
paper_ORDER_PAPER_–_FRIDAY_6TH_MARCH_2015.json,15,"Friday, 6th March, 2015","ORDER PAPER – FRIDAY, 6TH MARCH, 2015",https://www.parliament.gov.zm/node/380
paper_ORDER_PAPER_–_TUESDAY_4TH_DECEMBER_2012.json,3,"Tuesday, 4th December, 2012","ORDER PAPER – TUESDAY, 4TH DECEMBER, 2012",https://www.parliament.gov.zm/node/1714
paper_Friday_18th_February_2022_2022.json,21,"Friday, 18th February, 2022",,https://www.parliament.gov.zm/node/10002
paper_THURSDAY_14TH_NOVEMBER_2013.json,3,"Thursday, 14th November, 2013","THURSDAY, 14TH NOVEMBER, 2013",https://www.parliament.gov.zm/node/774
paper_WEDNESDAY_16TH_JULY_2014.json,10,"Wednesday, 16th July, 2014","WEDNESDAY, 16TH JULY, 2014",https://www.parliament.gov.zm/node/476
paper_ORDER_PAPER_–_THURSDAY_19TH_MARCH_2015.json,10,"Thursday, 19th March, 2015","ORDER PAPER – THURSDAY, 19TH MARCH, 2015",https://www.parliament.gov.zm/node/352
paper_ORDER_PAPER_–_FRIDAY_15TH_MARCH_2013.json,3,"Friday, 15th March, 2013","ORDER PAPER – FRIDAY, 15TH MARCH, 2013",https://www.parliament.gov.zm/node/1561
paper_ORDER_PAPER_–_THURSDAY_26TH_MARCH_2015.json,13,"Thursday, 26th March, 2015","ORDER PAPER – THURSDAY, 26TH MARCH, 2015",https://www.parliament.gov.zm/node/1706
paper_ORDER_PAPER_–_TUESDAY_19TH_FEBRUARY_2013_1.json,25,"Tuesday, 19th February, 2013","ORDER PAPER – TUESDAY, 19TH FEBRUARY, 2013",https://www.parliament.gov.zm/node/1700
paper_TUESDAY_17TH_JUNE_2014.json,30,"Tuesday, 17th June, 2014","TUESDAY, 17TH JUNE, 2014",https://www.parliament.gov.zm/node/632
paper_Friday_28th_March_2025_2025.json,2,"Friday, 28th March, 2025",,https://www.parliament.gov.zm/node/12291
paper_ORDER_PAPER_–_THURSDAY_30TH_JULY_2015.json,7,"Thursday, 30th July, 2015","ORDER PAPER – THURSDAY, 30TH JULY, 2015",https://www.parliament.gov.zm/node/4392
paper_THURSDAY_5TH_JULY_2012.json,16,"Thursday, 5th July, 2012","THURSDAY, 5TH JULY, 2012",https://www.parliament.gov.zm/node/1897
paper_THURSDAY_10TH_JULY_2014.json,13,"Thursday, 10th July, 2014","THURSDAY, 10TH JULY, 2014",https://www.parliament.gov.zm/node/479
paper_THURSDAY_26TH_FEBRUARY_2015.json,10,"Thursday, 26th February, 2015","THURSDAY, 26TH FEBRUARY, 2015",https://www.parliament.gov.zm/node/399
paper_ORDER_PAPER_–_TUESDAY_23RD_JUNE_2015.json,5,"Tuesday, 23rd June, 2015","ORDER PAPER – TUESDAY, 23RD JUNE, 2015",https://www.parliament.gov.zm/node/4153
paper_ORDER_PAPER_–_THURSDAY_7TH_MARCH_2013.json,6,"Thursday, 7th March, 2013","ORDER PAPER – THURSDAY, 7TH MARCH, 2013",https://www.parliament.gov.zm/node/1681
paper_Tuesday_19th_July_2022_2022.json,5,"Tuesday, 19th July, 2022",,https://www.parliament.gov.zm/node/10263
paper_ORDER_PAPER_–_FRIDAY_16TH_OCTOBER_2015.json,5,"Friday, 16th October, 2015","ORDER PAPER – FRIDAY, 16TH OCTOBER, 2015",https://www.parliament.gov.zm/node/4673
paper_TUESDAY_21ST_OCTOBER_2014.json,7,"Tuesday, 21st October, 2014","TUESDAY, 21ST OCTOBER, 2014",https://www.parliament.gov.zm/node/449
paper_FRIDAY_18TH_NOVEMBER_2011.json,5,"Friday, 18th November, 2011","FRIDAY, 18TH NOVEMBER, 2011",https://www.parliament.gov.zm/node/2028
paper_WEDNESDAY_3RD_DECEMBER_2014.json,2,"Wednesday, 3rd December, 2014","WEDNESDAY, 3RD DECEMBER, 2014",https://www.parliament.gov.zm/node/425
paper_Tuesday_20th_September_2022_2022.json,4,"Tuesday, 20th September, 2022",,https://www.parliament.gov.zm/node/10358
paper_Wednesday_24th_July_2019_2019.json,2,"Wednesday, 24th July, 2019",,https://www.parliament.gov.zm/node/8033
paper_TUESDAY_17TH_JULY_2012.json,15,"Tuesday, 17th July, 2012","TUESDAY 17TH JULY, 2012",https://www.parliament.gov.zm/node/1864
paper_Tuesday_26th_February_2019_2019.json,13,"Tuesday, 26th February, 2019",,https://www.parliament.gov.zm/node/7890
paper_ORDER_PAPER_–_FRIDAY_2ND_OCTOBER_2015.json,5,"Friday, 2nd October, 2015","ORDER PAPER – FRIDAY, 2ND OCTOBER, 2015",https://www.parliament.gov.zm/node/4624
paper_ORDER_PAPER_–_WEDNESDAY_27TH_FEBRUARY_2013.json,20,"Wednesday, 27th February, 2013","ORDER PAPER – WEDNESDAY, 27TH FEBRUARY, 2013",https://www.parliament.gov.zm/node/1687
paper_ORDER_PAPER_–_TUESDAY_12TH_APRIL_2016.json,10,"Tuesday, 12th April, 2016","ORDER PAPER – TUESDAY, 12TH APRIL, 2016",https://www.parliament.gov.zm/node/5030
paper_Thursday_12th_June_2025_2025.json,7,"Thursday, 12th June, 2025",,https://www.parliament.gov.zm/node/12380
paper_ORDER_PAPER_–_THURSDAY_29TH_NOVEMBER_2012.json,3,"Thursday, 29th November, 2012","ORDER PAPER – THURSDAY, 29TH NOVEMBER, 2012",https://www.parliament.gov.zm/node/1734
paper_Thursday_22nd_February_2018_2018.json,17,"Thursday, 22nd February, 2018",,https://www.parliament.gov.zm/node/7382
paper_Thursday_30th_June_2022_2022.json,5,"Thursday, 30th June, 2022",,https://www.parliament.gov.zm/node/10214
paper_WEDNESDAY_9TH_OCTOBER_2013.json,5,"Wednesday, 9th October, 2013","WEDNESDAY, 9TH OCTOBER, 2013",https://www.parliament.gov.zm/node/1509
paper_ORDER_PAPER_–_FRIDAY_19TH_JULY_2013.json,10,"Friday, 19th July, 2013","ORDER PAPER – FRIDAY, 19TH JULY, 2013",https://www.parliament.gov.zm/node/1521
paper_Friday_12th_July_2013_2013.json,5,"Friday, 12th July, 2013",,https://www.parliament.gov.zm/node/1532
paper_TUESDAY_9TH_OCTOBER_2012.json,10,"Tuesday, 9th October, 2012","TUESDAY, 9TH OCTOBER, 2012",https://www.parliament.gov.zm/node/1830
paper_ORDER_PAPER_–_WEDNESDAY_24TH_FEBRUARY_2016.json,5,"Wednesday, 24th February, 2016","ORDER PAPER – WEDNESDAY, 24TH FEBRUARY, 2016",https://www.parliament.gov.zm/node/4939
paper_Friday_10th_March_2023_2023.json,2,"Friday, 10th March, 2023",,https://www.parliament.gov.zm/node/10942
paper_FRIDAY_13TH_NOVEMBER_2015.json,2,"Friday, 13th November, 2015","FRIDAY, 13TH NOVEMBER 2015",https://www.parliament.gov.zm/node/4765
paper_WEDNESDAY_20TH_JUNE_2012.json,15,"Wednesday, 20th June, 2012","WEDNESDAY, 20TH JUNE, 2012",https://www.parliament.gov.zm/node/1954
paper_TUESDAY_5TH_NOVEMBER_2013.json,3,"Tuesday, 5th November, 2013","TUESDAY, 5TH NOVEMBER, 2013",https://www.parliament.gov.zm/node/788
paper_FRIDAY_2ND_NOVEMBER_2012.json,2,"Friday, 2nd November, 2012","FRIDAY, 2ND NOVEMBER, 2012",https://www.parliament.gov.zm/node/1799
paper_ORDER_PAPER_–_THURSDAY_11TH_FEBRUARY_2016.json,10,"Thursday, 11th February, 2016","ORDER PAPER – THURSDAY, 11TH FEBRUARY, 2016",https://www.parliament.gov.zm/node/4897
paper_WEDNESDAY_23RD_JULY_2014.json,12,"Wednesday, 23rd July, 2014","WEDNESDAY, 23RD JULY, 2014",https://www.parliament.gov.zm/node/472
paper_Friday_21st_February_2020_2020.json,6,"Friday, 21st February, 2020",,https://www.parliament.gov.zm/node/8289
paper_Tuesday_9th_February_2021_2021.json,3,"Tuesday, 9th February, 2021",,https://www.parliament.gov.zm/node/8733
paper_FRIDAY_26TH_SEPTEMBER_2014.json,11,"Friday, 26th September, 2014","FRIDAY, 26TH SEPTEMBER, 2014",https://www.parliament.gov.zm/node/462
paper_FRIDAY_28TH_FEBRUARY_2014.json,2,"Friday, 28th Frebruary, 2014","FRIDAY, 28TH FEBRUARY, 2014",https://www.parliament.gov.zm/node/644
paper_Thursday_3rd_March_2022_2022.json,8,"Thursday, 3rd March, 2022",,https://www.parliament.gov.zm/node/10022
paper_Tuesday_26th_July_2022_2022.json,2,"Tuesday, 26th July, 2022",,https://www.parliament.gov.zm/node/10272
paper_Thursday_29th_April_2021_2021.json,9,"Thursday, 29th April, 2021",,https://www.parliament.gov.zm/node/8965
paper_Friday_1st_July_2022_2022.json,2,"Friday, 1st July, 2022",,https://www.parliament.gov.zm/node/10219
paper_ORDER_PAPER_–_TUESDAY_9TH_JULY_2013.json,15,"Tuesday, 9th July, 2013","ORDER PAPER – TUESDAY, 9TH JULY, 2013",https://www.parliament.gov.zm/node/1546
paper_WEDNESDAY_25TH_NOVEMBER_2015.json,2,"Wednesday, 25th November, 2015","WEDNESDAY, 25TH NOVEMBER, 2015",https://www.parliament.gov.zm/node/4782
paper_Wednesday_31st_July_2019_2019.json,20,"Wednesday, 31st July, 2019",,https://www.parliament.gov.zm/node/8053
paper_ORDER_PAPER_–_THURSDAY_4TH_JULY_2013.json,15,"Thursday, 4th July, 2013","ORDER PAPER – THURSDAY, 4TH JULY, 2013",https://www.parliament.gov.zm/node/1550
paper_Thursday_11th_July_2019_2019.json,3,"Thursday, 11th July, 2019",,https://www.parliament.gov.zm/node/8000
paper_Tuesday_12th_July_2022_2022.json,10,"Tuesday, 12th July, 2022",,https://www.parliament.gov.zm/node/10248
paper_FRIDAY_22ND_JUNE_2012_3.json,10,"Friday, 22nd June, 2012","FRIDAY, 22ND JUNE, 2012",https://www.parliament.gov.zm/node/1922
paper_FRIDAY_30TH_OCTOBER_2015.json,2,"Friday, 30th October, 2015","FRIDAY 30TH OCTOBER, 2015",https://www.parliament.gov.zm/node/4734
paper_Tuesday_5th_March_2024_2024.json,5,"Tuesday, 5th March, 2024",,https://www.parliament.gov.zm/node/11612
paper_Friday_1st_March_2024_2024.json,10,"Friday, 1st March, 2024",,https://www.parliament.gov.zm/node/11605
paper_THURSDAY_13TH_NOVEMBER_2014.json,5,"Thursday, 13th November, 2014","THURSDAY, 13TH NOVEMBER, 2014",https://www.parliament.gov.zm/node/442
paper_WEDNESDAY_7TH_NOVEMBER_2012.json,3,"Wednesday, 7th November, 2012","WEDNESDAY, 7TH NOVEMBER, 2012",https://www.parliament.gov.zm/node/1796
paper_Thursday_13th_October_2022_2022.json,4,"Thursday, 13th October, 2022",,https://www.parliament.gov.zm/node/10664
paper_Thursday_16th_February_2023_2023.json,10,"Thursday, 16th February, 2023",,https://www.parliament.gov.zm/node/10891
paper_ORDER_PAPER_–_FRIDAY_22ND_FEBRUARY_2013.json,16,"Friday, 22nd February, 2013","ORDER PAPER – FRIDAY, 22ND FEBRUARY, 2013",https://www.parliament.gov.zm/node/1690
paper_Wednesday_15th_March_2023_2023.json,3,"Wednesday, 15th March, 2023",,https://www.parliament.gov.zm/node/10945
paper_ORDER_PAPER_–_THURSDAY_8TH_OCTOBER_2015.json,7,"Thursday, 8th October, 2015","ORDER PAPER – THURSDAY, 8TH OCTOBER, 2015",https://www.parliament.gov.zm/node/4643
paper_Thursday_22nd_June_2023_2023.json,4,"Thursday, 22nd June, 2023",,https://www.parliament.gov.zm/node/11078
paper_ORDER_PAPER_–_WEDNESDAY_18TH_MARCH_2015.json,3,"Wednesday, 18th March, 2015","ORDER PAPER – WEDNESDAY, 18TH MARCH, 2015",https://www.parliament.gov.zm/node/369
paper_ORDER_PAPER_–_WEDNESDAY_10TH_FEBRUARY_2016.json,10,"Wednesday, 10th February, 2016","ORDER PAPER – WEDNESDAY, 10TH FEBRUARY, 2016",https://www.parliament.gov.zm/node/4896
paper_Friday_27th_October_2023_2023.json,4,"Friday, 27th October, 2023",,https://www.parliament.gov.zm/node/11389
paper_Thursday_29th_February_2024_2024.json,6,"Thursday, 29th February, 2024",,https://www.parliament.gov.zm/node/11604
paper_TUESDAY_7TH_OCTOBER_2014.json,10,"Tuesday, 7th October, 2014","TUESDAY, 7TH OCTOBER, 2014",https://www.parliament.gov.zm/node/457
paper_FRIDAY_11TH_JULY_2014.json,3,"Friday, 11th July, 2014","FRIDAY, 11TH JULY, 2014",https://www.parliament.gov.zm/node/478
paper_Tuesday_29th_October_2024_2024.json,7,"Tuesday, 29th October, 2024",,https://www.parliament.gov.zm/node/11964
paper_THURSDAY_28TH_JUNE_2012_1.json,10,"Thursday, 28th June, 2012","THURSDAY, 28TH JUNE, 2012",https://www.parliament.gov.zm/node/1914
paper_ORDER_PAPER_–_WEDNESDAY_2ND_MARCH_2016.json,2,"Wednesday, 2nd March, 2016","ORDER PAPER – WEDNESDAY, 2ND MARCH, 2016",https://www.parliament.gov.zm/node/4969
paper_FRIDAY_23RD_OCTOBER_2015.json,4,"Friday, 23rd October, 2015","FRIDAY, 23RD OCTOBER, 2015",https://www.parliament.gov.zm/node/4701
paper_ORDER_PAPER_–_TUESDAY_5TH_MARCH_2013.json,25,"Tuesday, 5th March, 2013","ORDER PAPER – TUESDAY, 5TH MARCH, 2013",https://www.parliament.gov.zm/node/1684
paper_ORDER_PAPER_–_TUESDAY_16TH_JUNE_2015.json,25,"Tuesday, 16th June, 2015","ORDER PAPER – TUESDAY, 16TH JUNE, 2015",https://www.parliament.gov.zm/node/4133
paper_Tuesday_13th_December_2022_2022.json,5,"Tuesday, 13th December, 2022",,https://www.parliament.gov.zm/node/10803
paper_Thursday_30th_March_2023_2023.json,2,"Thursday, 30th March, 2023",,https://www.parliament.gov.zm/node/10990
paper_THURSDAY_12TH_JULY_2012.json,20,"Thursday, 12th July, 2012","THURSDAY, 12TH JULY, 2012",https://www.parliament.gov.zm/node/1885
paper_WEDNESDAY_18TH_JUNE_2014_1.json,15,"Wednesday, 18th June, 2014","WEDNESDAY, 18TH JUNE, 2014",https://www.parliament.gov.zm/node/629
paper_ORDER_PAPER_–_THURSDAY_15TH_OCTOBER_2015.json,5,"Thursday, 15th October, 2015","ORDER PAPER – THURSDAY, 15TH OCTOBER, 2015",https://www.parliament.gov.zm/node/4664
paper_Friday_29th_November_2024_2024.json,4,"Friday, 29th November, 2024",,https://www.parliament.gov.zm/node/12032
paper_WEDNESDAY_9TH_DECEMBER_2015.json,3,"Wednesday, 9th December, 2015","WEDNESDAY, 9TH DECEMBER, 2015",https://www.parliament.gov.zm/node/4817
paper_TUESDAY_13TH_NOVEMBER_2012.json,3,"Tuesday, 13th November, 2912","TUESDAY, 13TH NOVEMBER, 2012",https://www.parliament.gov.zm/node/1789
paper_TUESDAY_25TH_NOVEMBER_2014.json,6,"Tuesday, 25th November, 2014","TUESDAY, 25TH NOVEMBER, 2014",https://www.parliament.gov.zm/node/435
paper_Tuesday_25th_October_2022_2022.json,2,"Tuesday, 25th October, 2022",,https://www.parliament.gov.zm/node/10686
paper_THURSDAY_20TH_FEBRUARY_2014.json,20,"Thursday, 20th February, 2014","THURSDAY, 20TH FEBRUARY, 2014",https://www.parliament.gov.zm/node/653
paper_Tuesday_29th_March_2022_2022.json,2,"Tuesday, 29th March, 2022",,https://www.parliament.gov.zm/node/10089
paper_THURSDAY_25TH_SEPTEMBER_2014.json,25,"Thursday, 25th September, 2014","THURSDAY, 25TH SEPTEMBER, 2014",https://www.parliament.gov.zm/node/463
paper_Tuesday_3rd_March_2020_2020.json,6,"Tuesday, 3rd March, 2020",,https://www.parliament.gov.zm/node/8305
paper_Wednesday_6th_July_2022_2022.json,2,"Wednesday, 6th July, 2022",,https://www.parliament.gov.zm/node/10221
paper_Tuesday_17th_June_2025_2025.json,5,"Tuesday, 17th June, 2025",,https://www.parliament.gov.zm/node/12382
paper_Tuesday_27th_February_2024_2024.json,6,"Tuesday, 27th February, 2024",,https://www.parliament.gov.zm/node/11597
paper_Friday_17th_March_2023_2023.json,5,"Friday, 17th March, 2023",,https://www.parliament.gov.zm/node/10950
paper_ORDER_PAPER_–_WEDNESDAY_18TH_JULY_2012.json,15,"Wednesday, 18th July, 2012","ORDER PAPER – WEDNESDAY, 18TH JULY, 2012",https://www.parliament.gov.zm/node/1863
paper_TUESDAY_3RD_MAY_2016.json,3,"Tuesday, 3rd May, 2016","TUESDAY, 3RD MAY, 2016",https://www.parliament.gov.zm/node/5129
paper_Wednesday_2nd_March_2022_2022.json,13,"Wednesday, 2nd March, 2022",,https://www.parliament.gov.zm/node/10021
paper_FRIDAY_15TH_NOVEMBER_2013.json,2,"Friday, 15th November, 2013","FRIDAY, 15TH NOVEMBER, 2013",https://www.parliament.gov.zm/node/770
paper_Thursday_6th_July_2023_2023.json,3,"Thursday, 6th July, 2023",,https://www.parliament.gov.zm/node/11107
paper_Wednesday_18th_June_2025_2025.json,3,"Wednesday, 18th June, 2025",,https://www.parliament.gov.zm/node/12386
paper_ORDER_PAPER_–_WEDNESDAY_11TH_MARCH_2015.json,10,"Wednesday, 11th March, 2015","ORDER PAPER – WEDNESDAY, 11TH MARCH, 2015",https://www.parliament.gov.zm/node/375
paper_ORDER_PAPER_–_TUESDAY_25TH_JUNE_2013.json,10,"Tuesday, 25th June, 2013","ORDER PAPER – TUESDAY, 25TH JUNE, 2013",https://www.parliament.gov.zm/node/1556
paper_Friday_7th_July_2023_2023.json,4,"Friday, 7th July, 2023",,https://www.parliament.gov.zm/node/11116
paper_TUESDAY_8TH_OCTOBER_2013.json,5,"Tuesday, 8th October, 2013","TUESDAY, 8TH OCTOBER, 2013",https://www.parliament.gov.zm/node/1510
paper_FRIDAY_22ND_JUNE_2012_2.json,10,"Friday, 22nd June, 2012","FRIDAY, 22ND JUNE, 2012",https://www.parliament.gov.zm/node/1921
paper_Wednesday_12th_June_2024_2024.json,6,"Wednesday, 12th June, 2024",,https://www.parliament.gov.zm/node/11715
paper_Wednesday_23rd_February_2022_2022.json,15,"Wednesday, 23rd February, 2022",,https://www.parliament.gov.zm/node/10017
paper_WEDNESDAY_11TH_MAY_2016.json,2,"Wednesday, 11th May, 2016","WEDNESDAY, 11TH MAY, 2016",https://www.parliament.gov.zm/node/5158
paper_ORDER_PAPER_–_FRIDAY_10TH_JULY_2015.json,5,"Friday, 10th July, 2015","ORDER PAPER – FRIDAY, 10TH JULY, 2015",https://www.parliament.gov.zm/node/4290
paper_Wednesday_6th_March_2024_2024.json,14,"Wednesday, 6th March, 2024",,https://www.parliament.gov.zm/node/11614
paper_Friday_7th_October_2022_2022.json,3,"Friday, 7th October, 2022",,https://www.parliament.gov.zm/node/10652
paper_Thursday_5th_March_2020_2020.json,15,"Thursday, 5th March, 2020",,https://www.parliament.gov.zm/node/8310
paper_THURSDAY_13TH_FEBRUARY_2014.json,10,"Thursday, 13th February, 2014","THURSDAY, 13TH FEBRUARY, 2014",https://www.parliament.gov.zm/node/661
paper_TUESDAY_10TH_DECEMBER_2013.json,3,"Tuesday, 10th December, 2013","TUESDAY, 10TH DECEMBER, 2013",https://www.parliament.gov.zm/node/676
paper_FRIDAY_14TH_NOVEMBER_2014.json,4,"Friday, 14th November, 2014","FRIDAY, 14TH NOVEMBER, 2014",https://www.parliament.gov.zm/node/441
paper_THURSDAY_3RD_OCTOBER_2013.json,6,"Thursday, 3rd October, 2013","THURSDAY, 3RD OCTOBER, 2013",https://www.parliament.gov.zm/node/1512
paper_WEDNESDAY_23RD_SEPTEMBER_2015.json,15,"Wednesday, 23rd September, 2015","WEDNESDAY, 23RD SEPTEMBER, 2015",https://www.parliament.gov.zm/node/4555
paper_FRIDAY_25TH_OCTOBER_2013.json,3,"Friday, 25th October, 2013","FRIDAY, 25TH OCTOBER, 2013",https://www.parliament.gov.zm/node/806
paper_THURSDAY_4TH_OCTOBER_2012.json,10,"Thursday, 4th October, 2012","THURSDAY, 4TH OCTOBER, 2012",https://www.parliament.gov.zm/node/1834
paper_Tuesday_27th_June_2023_2023.json,5,"Tuesday, 27th June, 2023",,https://www.parliament.gov.zm/node/11087
paper_TUESDAY_25TH_SEPTEMBER_2012.json,20,"Tuesday, 25th September, 2012","TUESDAY, 25TH SEPTEMBER, 2012",https://www.parliament.gov.zm/node/1855
paper_Thursday_27th_June_2024_2024.json,2,"Thursday, 27th June, 2024",,https://www.parliament.gov.zm/node/11748
paper_Wednesday_28th_February_2018_2018.json,5,"Wednesday, 28th February, 2018",,https://www.parliament.gov.zm/node/7392
paper_Thursday13th_June_2024_2024.json,4,"Thursday,13th June, 2024",,https://www.parliament.gov.zm/node/11718
paper_ORDER_PAPER_–_TUESDAY_1ST_MARCH_2016.json,2,"Tuesday, 1st March, 2016","ORDER PAPER – TUESDAY, 1ST MARCH, 2016",https://www.parliament.gov.zm/node/4964
paper_Tuesday_12th_November_2024_2024.json,6,"Tuesday, 12th November, 2024",,https://www.parliament.gov.zm/node/11999
paper_Tuesday_15th_September_2020_2020.json,10,"Tuesday, 15th September, 2020",,https://www.parliament.gov.zm/node/8436
paper_Friday_12th_July_2024_2024.json,2,"Friday, 12th July, 2024",,https://www.parliament.gov.zm/node/11779
paper_Friday_9th_June_2023_2023.json,3,"Friday, 9th June, 2023",,https://www.parliament.gov.zm/node/11051
paper_TUESDAY_24TH_SEPTEMBER_2013.json,25,"Tuesday, 24th September, 2013","TUESDAY, 24TH SEPTEMBER, 2013",https://www.parliament.gov.zm/node/1518
paper_TUESDAY_16TH_DECEMBER_2014.json,10,"Tuesday, 16th December, 2014","TUESDAY, 16TH DECEMBER, 2014",https://www.parliament.gov.zm/node/416
paper_Wednesday_13th_September_2023_2023.json,3,"Wednesday, 13th September, 2023",,https://www.parliament.gov.zm/node/11196
paper_FRIDAY_22ND_APRIL_2016.json,3,"Friday, 22nd April, 2016","FRIDAY, 22ND APRIL, 2016",https://www.parliament.gov.zm/node/5082
paper_WEDNESDAY_9TH_JULY_2014.json,15,"Wednesday, 9th July, 2014","WEDNESDAY, 9TH JULY, 2014",https://www.parliament.gov.zm/node/480
paper_WEDNESDAY_25TH_JUNE_2014.json,6,"Wednesday, 25th June, 2014","WEDNESDAY, 25TH JUNE, 2014",https://www.parliament.gov.zm/node/491
paper_THURSDAY_21ST_APRIL_2016.json,4,"Thursday, 21st April, 2016","THURSDAY, 21ST APRIL, 2016",https://www.parliament.gov.zm/node/5076
paper_Thursday_21st_July_2022_2022.json,2,"Thursday, 21st July, 2022",,https://www.parliament.gov.zm/node/10270
paper_Tuesday_11th_July_2023_2023.json,10,"Tuesday, 11th July, 2023",,https://www.parliament.gov.zm/node/11124
paper_ORDER_PAPER-_TUESDAY_11TH_MARCH_2014.json,5,"Tuesday, 11th March, 2014","ORDER PAPER- TUESDAY, 11TH MARCH, 2014",https://www.parliament.gov.zm/node/634
paper_Friday_27th_October_2017_2017.json,2,"Friday, 27th October, 2017",,https://www.parliament.gov.zm/node/7200
paper_TUESDAY_26TH_NOVEMBER_2013.json,3,"Tuesday, 26th November, 2013","TUESDAY, 26TH NOVEMBER, 2013",https://www.parliament.gov.zm/node/739
paper_WEDNESDAY_12TH_FEBRUARY_2014.json,15,"Wednesday, 12th February, 2014","WEDNESDAY, 12TH FEBRUARY, 2014",https://www.parliament.gov.zm/node/662
paper_Wednesday_26th_July_2023_2023.json,2,"Wednesday, 26th July, 2023",,https://www.parliament.gov.zm/node/11164
paper_Thursday_14th_November_2024_2024.json,3,"Thursday, 14th November, 2024",,https://www.parliament.gov.zm/node/12004
paper_WEDNESDAY_18TH_JUNE_2014.json,15,"Wednesday, 18th June, 2014","WEDNESDAY, 18TH JUNE, 2014",https://www.parliament.gov.zm/node/629
paper_Tuesday_28th_February_2023_2023.json,5,"Tuesday, 28th February, 2023",,https://www.parliament.gov.zm/node/10909
paper_TUESDAY_28TH_OCTOBER_2014.json,10,"Tuesday, 28th October, 2014","TUESDAY, 28TH OCTOBER, 2014",https://www.parliament.gov.zm/node/446
paper_FRIDAY_1ST_NOVEMBER_2013.json,3,"Friday, 1st Novemebr, 2013","FRIDAY, 1ST NOVEMBER, 2013",https://www.parliament.gov.zm/node/789
paper_Tuesday_1st_October_2019_2019.json,2,"Tuesday, 1st October, 2019",,https://www.parliament.gov.zm/node/8122
paper_THURSDAY_31ST_OCTOBER_2013.json,5,"Thursday, 31st October, 2013","THURSDAY, 31ST OCTOBER, 2013",https://www.parliament.gov.zm/node/791
paper_TUESDAY_9TH_DECEMBER_2014.json,4,"Tuesday, 9th December, 2014","TUESDAY, 9TH DECEMBER, 2014",https://www.parliament.gov.zm/node/421
paper_Thursday_27th_February_2020_2020.json,14,"Thursday, 27th February, 2020",,https://www.parliament.gov.zm/node/8294
paper_Tuesday_19th_September_2023_2023.json,4,"Tuesday, 19th September, 2023",,https://www.parliament.gov.zm/node/11202
paper_FRIDAY_7TH_MARCH_2014.json,5,"Friday, 7th March, 2014","FRIDAY, 7TH MARCH, 2014",https://www.parliament.gov.zm/node/636
paper_Friday_25th_July_2025_2025.json,1,"Friday, 25th July, 2025",,https://www.parliament.gov.zm/node/12469
paper_FRIDAY_27TH_JUNE_2014.json,10,"Friday, 27th June, 2014","FRIDAY, 27TH JUNE, 2014",https://www.parliament.gov.zm/node/487
paper_Tuesday_11th_February_2025_2025.json,16,"Tuesday, 11th February, 2025",,https://www.parliament.gov.zm/node/12139
paper_ORDER_PAPER_–_WEDNESDAY_13TH_APRIL_2016.json,3,"Wednesday, 13th April, 2016","ORDER PAPER – WEDNESDAY, 13TH APRIL, 2016",https://www.parliament.gov.zm/node/5037
paper_FRIDAY_27TH_SEPTEMBER_2013.json,5,"Friday, 27th September, 2013","FRIDAY, 27TH SEPTEMBER, 2013",https://www.parliament.gov.zm/node/1515
paper_FRIDAY_27TH_FEBRUARY_2015.json,12,"Friday, 27th February, 2015","FRIDAY, 27TH FEBRUARY, 2015",https://www.parliament.gov.zm/node/397
paper_Tuesday_1st_July_2025_2025.json,5,"Tuesday, 1st July, 2025",,https://www.parliament.gov.zm/node/12406
paper_FRIDAY_27TH_NOVEMBER_2015.json,10,"Friday, 27th November, 2015","FRIDAY, 27TH NOVEMBER, 2015",https://www.parliament.gov.zm/node/4785
paper_ORDER_PAPER_–_THURSDAY_3RD_MARCH_2016.json,5,"Thursday, 3rd March, 2016","ORDER PAPER – THURSDAY, 3RD MARCH, 2016",https://www.parliament.gov.zm/node/4971
paper_WEDNESDAY_26TH_FEBRUARY_2014.json,10,"Wednesday, 26th February, 2014","WEDNESDAY, 26TH FEBRUARY, 2014",https://www.parliament.gov.zm/node/649
paper_TUESDAY_4TH_MARCH_2014.json,20,"Tuesday, 4th March, 2014","TUESDAY, 4TH MARCH, 2014",https://www.parliament.gov.zm/node/640
paper_Tuesday_16th_November_2021_2021.json,2,"Tuesday, 16th November, 2021",,https://www.parliament.gov.zm/node/9893
paper_TUESDAY_2ND_OCTOBER_2012.json,15,"Tuesday, 2nd October, 2012","TUESDAY, 2ND OCTOBER, 2012",https://www.parliament.gov.zm/node/1842
paper_Tuesday_21st_February_2023_2023.json,4,"Tuesday, 21st February, 2023",,https://www.parliament.gov.zm/node/10896
paper_ORDER_PAPER_–_THURSDAY_2ND_JULY_2015.json,5,"Thursday, 2nd July, 2015","ORDER PAPER – THURSDAY, 2ND JULY, 2015",https://www.parliament.gov.zm/node/4270
paper_FRIDAY_26TH_OCTOBER_2012.json,10,"Friday, 26th October, 2012","FRIDAY, 26TH OCTOBER, 2012",https://www.parliament.gov.zm/node/1803
paper_TUESDAY_24TH_FEBRUARY_2015.json,10,"Tuesday, 24th February, 2015","TUESDAY, 24TH FEBRUARY, 2015",https://www.parliament.gov.zm/node/412
paper_THURSDAY_23RD_OCTOBER_2014.json,5,"Thursday, 23rd October, 2014","THURSDAY, 23RD OCTOBER, 2014",https://www.parliament.gov.zm/node/447
paper_FRIDAY_5TH_OCTOBER_2012.json,10,"Friday, 5th October, 2012","FRIDAY, 5TH OCTOBER, 2012",https://www.parliament.gov.zm/node/1831
paper_Tuesday_18th_July_2023_2023.json,4,"Tuesday, 18th July, 2023",,https://www.parliament.gov.zm/node/11133
paper_ORDER_PAPER_–_FRIDAY_17TH_JULY_2015.json,5,"Friday, 17th July, 2015","ORDER PAPER – FRIDAY, 17TH JULY, 2015",https://www.parliament.gov.zm/node/4312
paper_THURSDAY_19TH_NOVEMBER_2015.json,4,"Thursday, 19th November, 2015","THURSDAY, 19TH NOVEMBER 2015",https://www.parliament.gov.zm/node/4772
paper_Thursday_29th_June_2023_2023.json,5,"Thursday, 29th June, 2023",,https://www.parliament.gov.zm/node/11094
paper_Friday_21st_February_2025_2025.json,2,"Friday, 21st February, 2025",,https://www.parliament.gov.zm/node/12170
paper_TUESDAY_24TH_JUNE_2014.json,15,"Tuesday, 24th June, 2014","TUESDAY, 24TH JUNE, 2014",https://www.parliament.gov.zm/node/493
paper_ORDER_PAPER_–_FRIDAY_31ST_JULY_2015.json,7,"Friday, 31st July, 2015","ORDER PAPER – FRIDAY, 31ST JULY, 2015",https://www.parliament.gov.zm/node/4396
paper_Friday_14th_February_2025_2025.json,8,"Friday, 14th February, 2025",,https://www.parliament.gov.zm/node/12147
paper_FRIDAY_29TH_NOVEMBER_2013.json,3,"Friday, 29th November, 2013","FRIDAY, 29TH NOVEMBER, 2013",https://www.parliament.gov.zm/node/723
paper_ORDER_PAPER_–_TUESDAY_3RD_MARCH_2015.json,15,"Tuesday, 3rd March, 2015","ORDER PAPER – TUESDAY, 3RD MARCH, 2015",https://www.parliament.gov.zm/node/396
paper_ORDER_PAPER_–_TUESDAY_19TH_FEBRUARY_2013.json,25,"Tuesday, 19th February, 2013","ORDER PAPER – TUESDAY, 19TH FEBRUARY, 2013",https://www.parliament.gov.zm/node/1697
paper_THURSDAY_8TH_NOVEMBER_2012.json,2,"Thursday, 8th November, 2012","THURSDAY, 8TH NOVEMBER, 2012",https://www.parliament.gov.zm/node/1793
paper_Tuesday_30th_March_2021_2021.json,10,"Tuesday, 30th March, 2021",,https://www.parliament.gov.zm/node/8855
paper_WEDNESDAY_25TH_FEBRUARY_2015.json,15,"Wednesday, 25th February, 2015","WEDNESDAY, 25TH FEBRUARY, 2015",https://www.parliament.gov.zm/node/400
paper_Tuesday_20th_February_2018_2018.json,19,"Tuesday, 20th February, 2018",,https://www.parliament.gov.zm/node/7368
paper_THURSDAY_17TH_OCTOBER_2013.json,3,"Thursday, 17th October, 2013","THURSDAY, 17TH OCTOBER, 2013",https://www.parliament.gov.zm/node/1445
paper_TUESDAY_18TH_NOVEMBER_2014.json,4,"Tuesday, 18th November, 2014","TUESDAY, 18TH NOVEMBER, 2014",https://www.parliament.gov.zm/node/440
paper_TUESDAY_6TH_NOVEMBER_2012.json,3,"Tuesday, 6th November, 2012","TUESDAY, 6TH NOVEMBER, 2012",https://www.parliament.gov.zm/node/1798
paper_Wednesday17th_November_2021_2021.json,2,"Wednesday,17th November, 2021",,https://www.parliament.gov.zm/node/9894
paper_Wednesday_9th_March_2022_2022.json,8,"Wednesday, 9th March, 2022",,https://www.parliament.gov.zm/node/10024
paper_Thursday_9th_March_2023_2023.json,2,"Thursday, 9th March, 2023",,https://www.parliament.gov.zm/node/10935
paper_Tuesday_18th_June_2024_2024_1.json,6,"Tuesday, 18th June, 2024",,https://www.parliament.gov.zm/node/11726
paper_Tuesday_24th_September_2024_2024.json,2,"Tuesday, 24th September, 2024",,https://www.parliament.gov.zm/node/11904
paper_Friday_14th_February_2020_2020.json,10,"Friday, 14th February, 2020",,https://www.parliament.gov.zm/node/8284
paper_Thursday_21st_September_2023_2023.json,4,"Thursday, 21st September, 2023",,https://www.parliament.gov.zm/node/11250
paper_THURSDAY_17TH_JULY_2014.json,10,"Thursday, 17th July, 2014","THURSDAY, 17TH JULY, 2014",https://www.parliament.gov.zm/node/475
paper_Friday_21st_March_2025_2025.json,5,"Friday, 21st March, 2025",,https://www.parliament.gov.zm/node/12252
paper_Friday_23rd_March_2018_2018.json,3,"Friday, 23rd March, 2018",,https://www.parliament.gov.zm/node/7467
paper_FRIDAY_4TH_DECEMBER_2015.json,5,"Friday, 4th Friday, 2015","FRIDAY, 4TH DECEMBER, 2015",https://www.parliament.gov.zm/node/4802
paper_Thursday_16th_March_2023_2023.json,3,"Thursday, 16th March, 2023",,https://www.parliament.gov.zm/node/10948
paper_Wednesday_8th_June_2022_2022.json,15,"Wednesday, 8th June, 2022",,https://www.parliament.gov.zm/node/10170
paper_ORDER_PAPER_–_THURSDAY_23RD_JULY_2015.json,5,"Thursday, 23rd July, 2015","ORDER PAPER – THURSDAY, 23RD JULY, 2015",https://www.parliament.gov.zm/node/4331
paper_Friday_10th_June_2022_2022.json,2,"Friday, 10th June, 2022",,https://www.parliament.gov.zm/node/10175
paper_ORDER_PAPER_–_FRIDAY_26TH_JUNE_2015.json,5,"Friday, 26th June, 2015","ORDER PAPER – FRIDAY, 26TH JUNE, 2015",https://www.parliament.gov.zm/node/4247
paper_Thursday_20th_June_2019_2019.json,5,"Thursday, 20th June, 2019",,https://www.parliament.gov.zm/node/7966
paper_Friday_18th_September_2020_2020.json,5,"Friday, 18th September, 2020",,https://www.parliament.gov.zm/node/8453
paper_Wednesday_27th_November_2024_2024.json,3,"Wednesday, 27th November, 2024",,https://www.parliament.gov.zm/node/12027
paper_ORDER_PAPER_–_THURSDAY_19TH_JULY_2012.json,15,"Thursday, 19th July, 2012","ORDER PAPER – THURSDAY, 19TH JULY, 2012",https://www.parliament.gov.zm/node/1862
paper_Wednesday_20th_October_2021_2021.json,3,"Wednesday, 20th October, 2021",,https://www.parliament.gov.zm/node/9842
paper_Friday_22nd_September_2023_2023.json,2,"Friday, 22nd September, 2023",,https://www.parliament.gov.zm/node/11265
paper_TUESDAY_3.json,4,"Tuesday, 3rd November, 2015","TUESDAY, 3",https://www.parliament.gov.zm/node/4736
paper_Wednesday_14th_June_2023_2023.json,2,"Wednesday, 14th June, 2023",,https://www.parliament.gov.zm/node/11062
paper_TUESDAY_18TH_FEBRUARY_2014.json,20,"Tuesday, 18th February, 2014","TUESDAY, 18TH FEBRUARY, 2014",https://www.parliament.gov.zm/node/659
paper_Friday_21st_June_2019_2019.json,15,"Friday, 21st June, 2019",,https://www.parliament.gov.zm/node/7973
paper_TUESDAY_27TH_NOVEMBER_2012.json,2,"Tuesday, 27th November, 2012","TUESDAY, 27TH NOVEMBER, 2012",https://www.parliament.gov.zm/node/1746
paper_ORDER_PAPER_–_WEDNESDAY_7TH_OCTOBER_2015.json,5,"Wednesday, 7th October, 2015","ORDER PAPER – WEDNESDAY, 7TH OCTOBER, 2015",https://www.parliament.gov.zm/node/4636
paper_ORDER_PAPER_–_TUESDAY_21ST_JULY_2015.json,15,"Tuesday, 21st July, 2015","ORDER PAPER – TUESDAY, 21ST JULY, 2015",https://www.parliament.gov.zm/node/4322
paper_ORDER_PAPER_–_THURSDAY_6TH_DECEMBER_2012.json,2,"Thursday, 6th December, 2012","ORDER PAPER – THURSDAY, 6TH DECEMBER, 2012",https://www.parliament.gov.zm/node/1710
paper_WEDNESDAY_24TH_SEPTEMBER_2014.json,15,"Wednesday, 24th September, 2014","WEDNESDAY, 24TH SEPTEMBER, 2014",https://www.parliament.gov.zm/node/467
paper_Friday_14th_July_2023_2023.json,5,"Friday, 14th July, 2023",,https://www.parliament.gov.zm/node/11131
paper_ORDER_PAPER_–_FRIDAY_21ST_JUNE_2013.json,5,"Friday, 21st June, 2013","ORDER PAPER – FRIDAY, 21ST JUNE, 2013",https://www.parliament.gov.zm/node/1557
paper_Thursday_20th_March_2025_2025.json,2,"Thursday, 20th March, 2025",,https://www.parliament.gov.zm/node/12246
paper_ORDER_PAPER_–_WEDNESDAY_17TH_JULY_2013.json,10,"Wednesday, 17th July, 2013","ORDER PAPER – WEDNESDAY, 17TH JULY, 2013",https://www.parliament.gov.zm/node/1527
paper_ORDER_PAPER_–_WEDNESDAY_26TH_JUNE_2013.json,15,"Wednesday, 26th June, 2013","ORDER PAPER – WEDNESDAY, 26TH JUNE, 2013",https://www.parliament.gov.zm/node/1555
paper_Friday_24th_March_2023_2023.json,8,"Friday, 24th March, 2023",,https://www.parliament.gov.zm/node/10972
paper_Wednesday_6th_November_2024_2024.json,5,"Wednesday, 6th November, 2024",,https://www.parliament.gov.zm/node/11989
paper_Thursday_21st_March_2024_2024.json,2,"Thursday, 21st March, 2024",,https://www.parliament.gov.zm/node/11642
paper_Wednesday_21st_June_2023_2023.json,4,"Wednesday, 21st June, 2023",,https://www.parliament.gov.zm/node/11076
paper_ORDER_PAPER_–_FRIDAY_12TH_FEBRUARY_2016.json,10,"Friday, 12th February, 2016","ORDER PAPER – FRIDAY, 12TH FEBRUARY, 2016",https://www.parliament.gov.zm/node/4900
paper_TUESDAY_22ND_OCTOBER_2013.json,11,"Tuesday, 22nd October, 2013","TUESDAY, 22ND OCTOBER, 2013",https://www.parliament.gov.zm/node/835
paper_TUESDAY_2ND_DECEMBER_2014.json,4,"Tuesday, 2nd December, 2014","TUESDAY, 2ND DECEMBER, 2014",https://www.parliament.gov.zm/node/426
paper_Thursday_14th_March_2024_2024.json,7,"Thursday, 14th March, 2024",,https://www.parliament.gov.zm/node/11626
paper_WEDNESDAY_18TH_NOVEMBER_2015.json,3,"Wednesday, 18th November, 2015","WEDNESDAY, 18TH NOVEMBER 2015",https://www.parliament.gov.zm/node/4770
paper_Thursday_28th_November_2024_2024.json,3,"Thursday, 28th November, 2024",,https://www.parliament.gov.zm/node/12028
paper_TUESDAY_20TH_OCTOBER_2015.json,5,"Tuesday, 20th October, 2015","TUESDAY, 20TH OCTOBER, 2015",https://www.parliament.gov.zm/node/4679
paper_Wednesday_19th_July_2023_2023.json,5,"Wednesday, 19th July, 2023",,https://www.parliament.gov.zm/node/11137
paper_FRIDAY_6TH_NOVEMBER_2015.json,4,"Friday, 6th November, 2015","FRIDAY, 6TH NOVEMBER 2015",https://www.parliament.gov.zm/node/4747
paper_FRIDAY_5TH_DECEMBER_2014.json,6,"Friday, 5th December, 2014","FRIDAY, 5TH DECEMBER, 2014",https://www.parliament.gov.zm/node/422
paper_ORDER_PAPER_–_TUESDAY_26TH_FEBRUARY_2013.json,20,"Tuesday, 26th February, 2013","ORDER PAPER – TUESDAY, 26TH FEBRUARY, 2013",https://www.parliament.gov.zm/node/1689
paper_THURSDAY_28TH_JUNE_2012_2.json,10,"Thursday, 28th June, 2012","THURSDAY, 28TH JUNE, 2012",https://www.parliament.gov.zm/node/1915
paper_THURSDAY_28TH_APRIL_2016.json,3,"Thursday, 28th April, 2016","THURSDAY, 28TH APRIL, 2016",https://www.parliament.gov.zm/node/5121
paper_Tuesday_12th_September_2023_2023.json,15,"Tuesday, 12th September, 2023",,https://www.parliament.gov.zm/node/11195
paper_Thursday_14th_September_2023_2023.json,4,"Thursday, 14th September, 2023",,https://www.parliament.gov.zm/node/11198
paper_ORDER_PAPER_–_TUESDAY_24TH_MARCH_2015.json,11,"Tuesday, 24th March, 2015","ORDER PAPER – TUESDAY, 24TH MARCH, 2015",https://www.parliament.gov.zm/node/1703
paper_ORDER_PAPER_–_WEDNESDAY_10TH_JULY_2013.json,8,"Wednesday, 10th July, 2013","ORDER PAPER – WEDNESDAY, 10TH JULY, 2013",https://www.parliament.gov.zm/node/1544
paper_TUESDAY_29TH_SEPTEMBER_2015.json,10,"Tuesday, 29th September, 2015","TUESDAY, 29TH SEPTEMBER, 2015",https://www.parliament.gov.zm/node/4583
paper_Wednesday_26th_June_2024_2024.json,2,"Wednesday, 26th June, 2024",,https://www.parliament.gov.zm/node/11742
paper_THURSDAY_12TH_DECEMBER_2013.json,3,"Thursday, 12th December, 2013","THURSDAY, 12TH DECEMBER, 2013",https://www.parliament.gov.zm/node/668
paper_FRIDAY_23RD_NOVEMBER_2012.json,2,"Friday, 23rd November, 2012","FRIDAY, 23RD NOVEMBER, 2012",https://www.parliament.gov.zm/node/1776
paper_Thursday_20th_February_2020_2020.json,5,"Thursday, 20th February, 2020",,https://www.parliament.gov.zm/node/8287
paper_THURSDAY_21ST_NOVEMBER_2013.json,2,"Thursday, 21st November, 2013","THURSDAY, 21ST NOVEMBER, 2013",https://www.parliament.gov.zm/node/754
paper_Friday_5th_July_2019_2019.json,10,"Friday, 5th July, 2019",,https://www.parliament.gov.zm/node/7990
paper_TUESDAY_1ST_DECEMBER_2015.json,5,"Tuesday, 1st December, 2015","TUESDAY, 1ST DECEMBER, 2015",https://www.parliament.gov.zm/node/4795
paper_Friday_19th_July_2019_2019.json,6,"Friday, 19th July, 2019",,https://www.parliament.gov.zm/node/8017
paper_Wednesday_24th_July_2024_2024.json,4,"Wednesday, 24th July, 2024",,https://www.parliament.gov.zm/node/11823
paper_ORDER_PAPER_–_TUESDAY_16TH_JULY_2013.json,12,"Tuesday, 16th July, 2013","ORDER PAPER – TUESDAY, 16TH JULY, 2013",https://www.parliament.gov.zm/node/1529
paper_Friday_26th_July_2024_2024.json,4,"Friday, 26th July, 2024",,https://www.parliament.gov.zm/node/11825
paper_ORDER_PAPER_–_WEDNESDAY_12TH_DECEMBER_2012.json,3,"Wednesday, 12th December, 2012","ORDER PAPER – WEDNESDAY, 12TH DECEMBER, 2012",https://www.parliament.gov.zm/node/1701
paper_Thursday_11th_October_2018_2018.json,7,"Thursday, 11th October, 2018",,https://www.parliament.gov.zm/node/7710
paper_WEDNESDAY_1ST_OCTOBER_2014.json,10,"Wednesday, 1st October, 2014","WEDNESDAY, 1ST OCTOBER, 2014",https://www.parliament.gov.zm/node/460
paper_Thursday_17th_October_2024_2024.json,10,"Thursday, 17th October, 2024",,https://www.parliament.gov.zm/node/11954
paper_Thursday_22nd_September_2022_2022.json,3,"Thursday, 22nd September, 2022",,https://www.parliament.gov.zm/node/10574
paper_ORDER_PAPER_–_FRIDAY_20TH_JULY_2012.json,20,"Friday, 20th July, 2012","ORDER PAPER – FRIDAY, 20TH JULY, 2012",https://www.parliament.gov.zm/node/1859
paper_THURSDAY_5TH_MAY_2016.json,3,"Thursday, 5th May, 2016","THURSDAY, 5TH MAY, 2016",https://www.parliament.gov.zm/node/5143
paper_ORDER_PAPER_–_FRIDAY_19TH_JUNE_2015.json,10,"Friday, 19th June, 2015","ORDER PAPER – FRIDAY, 19TH JUNE, 2015",https://www.parliament.gov.zm/node/4144
paper_ORDER_PAPER_–_WEDNESDAY_25TH_MARCH_2015.json,7,"Wednesday, 25th March, 2015","ORDER PAPER – WEDNESDAY, 25TH MARCH, 2015",https://www.parliament.gov.zm/node/1705
paper_Tuesday_9th_July_2024_2024.json,3,"Tuesday, 9th July, 2024",,https://www.parliament.gov.zm/node/11773
paper_Thursday27th_March_2025_2025.json,1,"Thursday,27th March, 2025",,https://www.parliament.gov.zm/node/12279
paper_WEDNESDAY_16TH_NOVEMBER_2011.json,5,"Wednesday, 16th November, 2011","WEDNESDAY, 16TH NOVEMBER, 2011",https://www.parliament.gov.zm/node/2030
paper_TUESDAY_22ND_JULY_2014.json,15,"Tuesday, 22nd July, 2014","TUESDAY, 22ND JULY, 2014",https://www.parliament.gov.zm/node/473
paper_TUESDAY_26TH_JUNE_2012.json,15,"Tuesday, 26th June, 2012","TUESDAY, 26TH JUNE, 2012",https://www.parliament.gov.zm/node/1917
paper_WEDNESDAY_23RD_OCTOBER_2013.json,4,"Wednesday, 23rd October, 2013","WEDNESDAY, 23RD OCTOBER, 2013",https://www.parliament.gov.zm/node/822
paper_FRIDAY_3RD_OCTOBER_2014.json,11,"Friday, 3rd October, 2014","FRIDAY, 3RD OCTOBER, 2014",https://www.parliament.gov.zm/node/458
paper_ORDER_PAPER_–_TUESDAY_9TH_FEBRUARY_2016.json,20,"Tuesday, 9th February, 2016","ORDER PAPER – TUESDAY, 9TH FEBRUARY, 2016",https://www.parliament.gov.zm/node/4893
paper_Friday_3rd_March_2023_2023.json,2,"Friday, 3rd March, 2023",,https://www.parliament.gov.zm/node/10927
paper_Thursday_17th_February_2022_2022.json,20,"Thursday, 17th February, 2022",,https://www.parliament.gov.zm/node/10001
paper_THURSDAY_12TH_NOVEMBER_2015.json,2,"Thursday, 12th November, 2015","THURSDAY, 12TH NOVEMBER 2015",https://www.parliament.gov.zm/node/4760
paper_Tuesday_4th_October_2022_2022.json,3,"Tuesday, 4th October, 2022",,https://www.parliament.gov.zm/node/10637
paper_THURSDAY_11TH_OCTOBER_2012.json,3,"Thursday, 11th October, 2012","THURSDAY, 11TH OCTOBER, 2012",https://www.parliament.gov.zm/node/1825
paper_TUESDAY_29TH_OCTOBER_2013.json,7,"Tuesday, 29th October, 2013","TUESDAY, 29TH OCTOBER, 2013",https://www.parliament.gov.zm/node/797
paper_TUESDAY_15TH_OCTOBER_2013.json,10,"Tuesday, 15th October, 2013","TUESDAY, 15TH OCTOBER, 2013",https://www.parliament.gov.zm/node/1490
paper_ORDER_PAPER_–_THURSDAY_18TH_JUNE_2015.json,10,"Thursday, 18th June, 2015","ORDER PAPER – THURSDAY, 18TH JUNE, 2015",https://www.parliament.gov.zm/node/4139
paper_ORDER_PAPER_–_FRIDAY_4TH_MARCH_2016.json,10,"Friday, 4th March, 2016","ORDER PAPER – FRIDAY, 4TH MARCH, 2016",https://www.parliament.gov.zm/node/4981
paper_ORDER_PAPER_–_WEDNESDAY_29TH_JULY_2015.json,5,"Wednesday, 29th July, 2015","ORDER PAPER – WEDNESDAY, 29TH JULY, 2015",https://www.parliament.gov.zm/node/4364
paper_FRIDAY_13TH_JULY_2012_1.json,13,"Friday, 13th July, 2012","FRIDAY, 13TH JULY, 2012",https://www.parliament.gov.zm/node/1883
paper_Thursday_10th_March_2022_2022.json,2,"Thursday, 10th March, 2022",,https://www.parliament.gov.zm/node/10028
paper_FRIDAY_22ND_NOVEMBER_2013.json,2,"Friday, 22nd Novemeber, 2013","FRIDAY, 22ND NOVEMBER, 2013",https://www.parliament.gov.zm/node/749
paper_Thursday_20th_February_2025_2025.json,2,"Thursday, 20th February, 2025",,https://www.parliament.gov.zm/node/12169
paper_Tuesday_11th_February_2020_2020.json,17,"Tuesday, 11th February, 2020",,https://www.parliament.gov.zm/node/8277
paper_Friday_4th_March_2022_2022.json,4,"Friday, 4th March, 2022",,https://www.parliament.gov.zm/node/10023
paper_THURSDAY_22ND_NOVEMBER_2012.json,3,"Thursday, 22nd November, 2012","THURSDAY, 22ND NOVEMBER, 2012",https://www.parliament.gov.zm/node/1778
paper_Wednesday_2nd_July_2025_2025.json,2,"Wednesday, 2nd July, 2025",,https://www.parliament.gov.zm/node/12407
paper_Wednesday_4th_October_2023_2023.json,6,"Wednesday, 4th October, 2023",,https://www.parliament.gov.zm/node/11338
paper_Tuesday_15th_February_2022_2022.json,20,"Tuesday, 15th February, 2022",,https://www.parliament.gov.zm/node/9994
paper_Friday_8th_November_2024_2024.json,3,"Friday, 8th November, 2024",,https://www.parliament.gov.zm/node/11992
paper_Wednesday_16th_October_2019_2019.json,5,"Wednesday, 16th October, 2019",,https://www.parliament.gov.zm/node/8137
paper_ORDER_PAPER_–_THURSDAY_9TH_JULY_2015.json,6,"Thursday, 9th July, 2015","ORDER PAPER – THURSDAY, 9TH JULY, 2015",https://www.parliament.gov.zm/node/4286
paper_Friday_21st_July_2023_2023.json,10,"Friday, 21st July, 2023",,https://www.parliament.gov.zm/node/11145
paper_Wednesday_17th_February_2021_2021.json,3,"Wednesday, 17th February, 2021",,https://www.parliament.gov.zm/node/8768
paper_Tuesday_15th_July_2025_2025.json,5,"Tuesday, 15th July, 2025",,https://www.parliament.gov.zm/node/12438
paper_Tuesday_7th_June_2022_2022.json,20,"Tuesday, 7th June, 2022",,https://www.parliament.gov.zm/node/10169
paper_Thursday_23rd_February_2023_2023.json,7,"Thursday, 23rd February, 2023",,https://www.parliament.gov.zm/node/10903
paper_TUESDAY_26TH_JUNE_2012_1.json,15,"Tuesday, 26th June, 2012","TUESDAY, 26TH JUNE, 2012",https://www.parliament.gov.zm/node/1918
paper_TUESDAY_14TH_OCTOBER_2014.json,15,"Tuesday, 14th October, 2014","TUESDAY, 14TH OCTOBER, 2014",https://www.parliament.gov.zm/node/453
paper_Wednesday_14th_February_2024_2024.json,13,"Wednesday, 14th February, 2024",,https://www.parliament.gov.zm/node/11564
paper_FRIDAY_21ST_FEBRUARY_2014.json,7,"Friday, 21st February, 2014","FRIDAY, 21ST FEBRUARY, 2014",https://www.parliament.gov.zm/node/652
paper_Thursday_27th_June_2019_2019.json,1,"Thursday, 27th June, 2019",,https://www.parliament.gov.zm/node/7982
paper_WEDNESDAY_15TH_OCTOBER_2014.json,7,"Wednesday, 15th October, 2014","WEDNESDAY, 15TH OCTOBER, 2014",https://www.parliament.gov.zm/node/452
paper_WEDNESDAY_25TH_SEPTEMBER_2013.json,10,"Wednesday, 25th September, 2013","WEDNESDAY, 25TH SEPTEMBER, 2013",https://www.parliament.gov.zm/node/1517
paper_Friday_20th_October_2023_2023.json,4,"Friday, 20th October, 2023",,https://www.parliament.gov.zm/node/11377
paper_THURSDAY_29TH_OCTOBER_2015.json,2,"Thursday, 29th October, 2015","THURSDAY 29TH OCTOBER, 2015",https://www.parliament.gov.zm/node/4728
paper_Tuesday_21st_March_2023_2023.json,7,"Tuesday, 21st March, 2023",,https://www.parliament.gov.zm/node/10960
paper_Thursday_5th_October_2023_2023.json,5,"Thursday, 5th October, 2023",,https://www.parliament.gov.zm/node/11339
paper_Wednesday_19th_June_2019_2019.json,5,"Wednesday, 19th June, 2019",,https://www.parliament.gov.zm/node/7965
paper_FRIDAY_17TH_OCTOBER_2014.json,5,"Friday, 17th October, 2014","FRIDAY, 17TH OCTOBER, 2014",https://www.parliament.gov.zm/node/450
paper_Thursday_29th_September_2022_2022.json,4,"Thursday, 29th September, 2022",,https://www.parliament.gov.zm/node/10625
paper_WEDNESDAY_10TH_DECEMBER_2014.json,10,"Wednesday, 10th December, 2014","WEDNESDAY, 10TH DECEMBER, 2014",https://www.parliament.gov.zm/node/419
paper_FRIDAY_6TH_JULY_2012.json,10,"Friday, 6th July, 2012","FRIDAY, 6TH JULY, 2012",https://www.parliament.gov.zm/node/1895
paper_ORDER_PAPER_–_WEDNESDAY_17TH_JUNE_2015.json,10,"Wednesday, 17th June, 2015","ORDER PAPER – WEDNESDAY, 17TH JUNE, 2015",https://www.parliament.gov.zm/node/4136
paper_THURSDAY_6TH_MARCH_2014.json,15,"Thursday, 6th March, 2014","THURSDAY, 6TH MARCH, 2014",https://www.parliament.gov.zm/node/637
paper_Tuesday_13th_June_2023_2023.json,4,"Tuesday, 13th June, 2023",,https://www.parliament.gov.zm/node/11057
paper_Tuesday17th_September_2024_2024.json,5,"Tuesday,17th September, 2024",,https://www.parliament.gov.zm/node/11894
paper_Thursday_7th_November_2024_2024.json,5,"Thursday, 7th November, 2024",,https://www.parliament.gov.zm/node/11990
paper_Friday_6th_October_2023_2023.json,4,"Friday, 6th October, 2023",,https://www.parliament.gov.zm/node/11344
paper_Friday_30th_June_2023_2023.json,5,"Friday, 30th June, 2023",,https://www.parliament.gov.zm/node/11103
paper_WEDNESDAY_12TH_NOVEMBER_2014.json,2,"Wednesday, 12th November, 2014","WEDNESDAY, 12TH NOVEMBER, 2014",https://www.parliament.gov.zm/node/443
paper_Thursday_17th_March_2022_2022.json,8,"Thursday, 17th March, 2022",,https://www.parliament.gov.zm/node/10062
paper_Friday_27th_June_2025_2025.json,3,"Friday, 27th June, 2025",,https://www.parliament.gov.zm/node/12401
paper_WEDNESDAY_30TH_OCTOBER_2013.json,5,"Wednesday, 30th October, 2013","WEDNESDAY, 30TH OCTOBER, 2013",https://www.parliament.gov.zm/node/793
paper_THURSDAY_22ND_OCTOBER_2015.json,5,"Thursday, 22nd October, 2015","THURSDAY, 22ND OCTOBER, 2015",https://www.parliament.gov.zm/node/4693
paper_FRIDAY_6TH_DECEMBER_2013.json,2,"Friday, 6th December, 2013","FRIDAY, 6TH DECEMBER, 2013",https://www.parliament.gov.zm/node/679
paper_ORDER_PAPER_–_FRIDAY_26TH_FEBRUARY_2016.json,3,"Friday, 26th February, 2016","ORDER PAPER – FRIDAY, 26TH FEBRUARY, 2016",https://www.parliament.gov.zm/node/4956
paper_FRIDAY_6TH_MAY_2016.json,3,"Friday, 6th May, 2016","FRIDAY, 6TH MAY, 2016",https://www.parliament.gov.zm/node/5144
paper_Thursday_1st_August_2019_2019.json,2,"Thursday, 1st August, 2019",,https://www.parliament.gov.zm/node/8054
paper_Wednesday_23rd_July_2025_2025.json,2,"Wednesday, 23rd July, 2025",,https://www.parliament.gov.zm/node/12463
paper_Wednseday_19th_March_2025_2025.json,2,"Wednseday, 19th March, 2025",,https://www.parliament.gov.zm/node/12243
paper_Tuesday_28th_March_2023_2023.json,9,"Tuesday, 28th March, 2023",,https://www.parliament.gov.zm/node/10974
paper_Wednesday_16th_March_2022_2022.json,8,"Wednesday, 16th March, 2022",,https://www.parliament.gov.zm/node/10054
paper_Tuesday_16th_February_2021_2021.json,4,"Tuesday, 16th February, 2021",,https://www.parliament.gov.zm/node/8759
paper_Thursday_26th_September_2024_2024.json,2,"Thursday, 26th September, 2024",,https://www.parliament.gov.zm/node/11918
paper_Thursday_4th_November_2021_2021.json,2,"Thursday, 4th November, 2021",,https://www.parliament.gov.zm/node/9876
paper_FRIDAY_12TH_DECEMBER_2014.json,4,"Friday, 12th December, 2014","FRIDAY, 12TH DECEMBER, 2014",https://www.parliament.gov.zm/node/417
paper_Thursday_14th_July_2022_2022.json,2,"Thursday, 14th July, 2022",,https://www.parliament.gov.zm/node/10254
paper_Friday_24th_November_2023_2023.json,2,"Friday, 24th November, 2023",,https://www.parliament.gov.zm/node/11458
paper_THURSDAY_24TH_SEPTEMBER_2015.json,10,"Thursday, 24th September, 2015","THURSDAY, 24TH SEPTEMBER, 2015",https://www.parliament.gov.zm/node/4557
paper_THURSDAY_19TH_JUNE_2014.json,10,"Thursday, 19th June, 2014","THURSDAY, 19TH JUNE, 2014",https://www.parliament.gov.zm/node/625
paper_Thursday_29th_March_2018_2018.json,2,"Thursday, 29th March, 2018",,https://www.parliament.gov.zm/node/7494
paper_THURSDAY_27TH_SEPTEMBER_2012.json,20,"Thursday, 27th September, 2012","THURSDAY, 27TH SEPTEMBER, 2012",https://www.parliament.gov.zm/node/1850
paper_Wednesday_27th_September_2023_2023.json,4,"Wednesday, 27th September, 2023",,https://www.parliament.gov.zm/node/11292
paper_Thursday_19th_June_2025_2025.json,10,"Thursday, 19th June, 2025",,https://www.parliament.gov.zm/node/12388
paper_Friday_28th_October_2022_2022.json,2,"Friday, 28th October, 2022",,https://www.parliament.gov.zm/node/10694
paper_ORDER_PAPER_–_TUESDAY_30TH_JUNE_2015.json,10,"Tueday, 30th June, 2015","ORDER PAPER – TUESDAY, 30TH JUNE, 2015",https://www.parliament.gov.zm/node/4260
paper_Tuesday_13th_March_2018_2018.json,18,"Tuesday, 13th March, 2018",,https://www.parliament.gov.zm/node/7436
paper_WEDNESDAY_2ND_JULY_2014.json,5,"Wednesday, 2nd July, 2014","WEDNESDAY, 2ND JULY, 2014",https://www.parliament.gov.zm/node/483
paper_WEDNESDAY_8TH_OCTOBER_2014.json,5,"Wednesday, 8th October, 2014","WEDNESDAY, 8TH OCTOBER, 2014",https://www.parliament.gov.zm/node/456
paper_Thursday18th_July_2019_2019.json,4,"Thursday,18th July, 2019",,https://www.parliament.gov.zm/node/8016
paper_ORDER_PAPER_–_WEDNESDAY_24TH_JUNE_2015.json,2,"Wednesday, 24th June, 2015","ORDER PAPER – WEDNESDAY, 24TH JUNE, 2015",https://www.parliament.gov.zm/node/4170
paper_FRIDAY_4TH_OCTOBER_2013.json,5,"Friday, 4th October, 2013","FRIDAY, 4TH OCTOBER, 2013",https://www.parliament.gov.zm/node/1511
paper_Wednesday_11th_June_2025_2025.json,20,"Wednesday, 11th June, 2025",,https://www.parliament.gov.zm/node/12379
paper_Friday_13th_June_2025_2025.json,3,"Friday, 13th June, 2025",,https://www.parliament.gov.zm/node/12381
paper_Wednesday_16th_October_2024_2024.json,3,"Wednesday, 16th October, 2024",,https://www.parliament.gov.zm/node/11952
paper_Tuesday_25th_February_2020_2020.json,16,"Tuesday, 25th February, 2020",,https://www.parliament.gov.zm/node/8291
paper_Thursday_12th_October_2023_2023.json,6,"Thursday, 12th October, 2023",,https://www.parliament.gov.zm/node/11371
paper_Thursday_15th_February_2024_2024.json,6,"Thursday, 15th February, 2024",,https://www.parliament.gov.zm/node/11569
paper_FRIDAY_29TH_JUNE_2012.json,10,"Friday, 29th June, 2012","FRIDAY, 29TH JUNE, 2012",https://www.parliament.gov.zm/node/1911
paper_ORDER_PAPER_–_THURSDAY_16TH_JULY_2015.json,10,"Thursday, 16th July, 2015","ORDER PAPER – THURSDAY, 16TH JULY, 2015",https://www.parliament.gov.zm/node/4309
paper_Thursday_2nd_March_2023_2023.json,3,"Thursday, 2nd March, 2023",,https://www.parliament.gov.zm/node/10925
paper_Tuesday_11th_June_2024_2024.json,12,"Tuesday, 11th June, 2024",,https://www.parliament.gov.zm/node/11712
paper_ORDER_PAPER_–_THURSDAY_20TH_JUNE_2013.json,10,"Thursday, 20th June, 2013","ORDER PAPER – THURSDAY, 20TH JUNE, 2013",https://www.parliament.gov.zm/node/1558
paper_Thursday_13th_July_2023_2023.json,4,"Thursday, 13th July, 2023",,https://www.parliament.gov.zm/node/11128
paper_WEDNESDAY_6TH_NOVEMBER_2013.json,3,"Wednesday, 6th November, 2013","WEDNESDAY, 6TH NOVEMBER, 2013",https://www.parliament.gov.zm/node/787
paper_Wednesday_11th_October_2023_2023.json,2,"Wednesday, 11th October, 2023",,https://www.parliament.gov.zm/node/11361
paper_Thursday_11th_February_2021_2021.json,2,"Thursday, 11th February, 2021",,https://www.parliament.gov.zm/node/8749
paper_THURSDAY_15TH_NOVEMBER_2012.json,1,"Thursday, 15th November, 2012","THURSDAY, 15TH NOVEMBER, 2012",https://www.parliament.gov.zm/node/1786
paper_Friday_19th_October_2018_2018.json,2,"Friday, 19th October, 2018",,https://www.parliament.gov.zm/node/7724
paper_Tuesday_20th_April_2021_2021.json,4,"Tuesday, 20th April, 2021",,https://www.parliament.gov.zm/node/8937
paper_Friday_23rd_June_2023_2023.json,3,"Friday, 23rd June, 2023",,https://www.parliament.gov.zm/node/11084
paper_FRIDAY_25TH_SEPTEMBER_2015.json,15,"Friday, 25th September, 2015","FRIDAY, 25TH SEPTEMBER, 2015",https://www.parliament.gov.zm/node/4560
paper_Tuesday_20th_February_2024_2024.json,4,"Tuesday, 20th February, 2024",,https://www.parliament.gov.zm/node/11586
paper_Tuesday_11th_December_2018_2018.json,25,"Tuesday, 11th December, 2018",,https://www.parliament.gov.zm/node/7821
paper_Thursday_8th_June_2023_2023.json,2,"Thursday, 8th June, 2023",,https://www.parliament.gov.zm/node/11046
paper_Tuesday_26th_September_2023_2023.json,4,"Tuesday, 26th September, 2023",,https://www.parliament.gov.zm/node/11285
paper_FRIDAY_22ND_JUNE_2012_1.json,10,"Friday, 22nd June, 2012","FRIDAY, 22ND JUNE, 2012",https://www.parliament.gov.zm/node/1919
paper_ORDER_PAPER_–_THURSDAY_28TH_FEBRUARY_2013.json,25,"Thursday, 28th February, 2013","ORDER PAPER – THURSDAY, 28TH FEBRUARY, 2013",https://www.parliament.gov.zm/node/1686
paper_Tuesday_23rd_July_2024_2024.json,2,"Tuesday, 23rd July, 2024",,https://www.parliament.gov.zm/node/11817
paper_Wednesday_19th_June_2024_2024.json,2,"Wednesday, 19th June, 2024",,https://www.parliament.gov.zm/node/11730
paper_TUESDAY_1ST_OCTOBER_2013.json,15,"Tuesday, 1st October, 2013","TUESDAY, 1ST OCTOBER, 2013",https://www.parliament.gov.zm/node/1514
paper_Tuesday_10th_October_2023_2023.json,7,"Tuesday, 10th October, 2023",,https://www.parliament.gov.zm/node/11350
paper_Wednesday_18th_September_2024_2024.json,6,"Wednesday, 18th September, 2024",,https://www.parliament.gov.zm/node/11896
paper_Friday_14th_June_2024_2024.json,7,"Friday, 14th June, 2024",,https://www.parliament.gov.zm/node/11722
paper_WEDNESDAY_2ND_DECEMBER_2015.json,3,"Wednesday, 2nd December, 2015","WEDNESDAY, 2ND DECEMBER, 2015",https://www.parliament.gov.zm/node/4798
paper_Tuesday_22nd_February_2022_2022.json,7,"Tuesday, 22nd February, 2022",,https://www.parliament.gov.zm/node/10012
paper_Thursday_18th_November_2021_2021.json,4,"Thursday, 18th November, 2021",,https://www.parliament.gov.zm/node/9895
paper_WEDNESDAY_21ST_OCTOBER_2015.json,5,"Wednesday, 21st October, 2015","WEDNESDAY, 21ST OCTOBER, 2015",https://www.parliament.gov.zm/node/4685
paper_Wednesday_3rd_February_2021_2021.json,2,"Wednesday, 3rd February, 2021",,https://www.parliament.gov.zm/node/8707
paper_Thursday_25th_June_2020_2020.json,2,"Thursday, 25th June, 2020",,https://www.parliament.gov.zm/node/8347
paper_WEDNESDAY_4TH_JULY_2012.json,15,"Wednesday, 4th July, 2012","WEDNESDAY, 4TH JULY, 2012",https://www.parliament.gov.zm/node/1909
paper_Friday_23rd_April_2021_2021.json,6,"Friday, 23rd April, 2021",,https://www.parliament.gov.zm/node/8959
paper_TUESDAY_1ST_JULY_2014.json,16,"Tuesday, 1st July, 2014","TUESDAY, 1ST JULY, 2014",https://www.parliament.gov.zm/node/486
paper_Tuesday_14th_February_2023_2023.json,12,"Tuesday, 14th February, 2023",,https://www.parliament.gov.zm/node/10884
paper_THURSDAY_1ST_NOVEMBER_2012.json,5,"Thursday, 1st November, 2012","THURSDAY, 1ST NOVEMBER, 2012",https://www.parliament.gov.zm/node/1800
paper_THURSDAY_20TH_NOVEMBER_2014.json,4,"Thursday, 20th November, 2014","THURSDAY, 20TH NOVEMBER, 2014",https://www.parliament.gov.zm/node/438
paper_ORDER_PAPER_–_TUESDAY_11TH_DECEMBER_2012.json,2,"Tuesday, 11th December, 2012","ORDER PAPER – TUESDAY, 11TH DECEMBER, 2012",https://www.parliament.gov.zm/node/1708
paper_FRIDAY_13TH_JULY_2012.json,13,"Friday, 13th July, 2012","FRIDAY, 13TH JULY, 2012",https://www.parliament.gov.zm/node/1879
paper_Friday_31st_March_2023_2023.json,8,"Friday, 31st March, 2023",,https://www.parliament.gov.zm/node/10994
paper_WEDNESDAY_3RD_OCTOBER_2012.json,10,"Wednesday, 3rd October, 2012","WEDNESDAY, 3RD OCTOBER, 2012",https://www.parliament.gov.zm/node/1836
paper_THURSDAY_18TH_OCTOBER_2012.json,20,"Thursday, 18th October, 2012","THURSDAY, 18TH OCTOBER, 2012",https://www.parliament.gov.zm/node/1816
paper_Thursday_19th_October_2023_2023.json,1,"Thursday, 19th October, 2023",,https://www.parliament.gov.zm/node/11375
paper_Thursday_7th_July_2022_2022.json,3,"Thursday, 7th July, 2022",,https://www.parliament.gov.zm/node/10235
paper_ORDER_PAPER_–_WEDNESDAY_9TH_MARCH_2016.json,10,"Wednesday, 9th March, 2016","ORDER PAPER – WEDNESDAY, 9TH MARCH, 2016",https://www.parliament.gov.zm/node/4994
paper_Thursday_20th_September_2018_2018.json,7,"Thursday, 20th September, 2018",,https://www.parliament.gov.zm/node/7662
paper_Friday15th_December_2023_2023.json,2,"Friday,15th December, 2023",,https://www.parliament.gov.zm/node/11523
paper_THURSDAY_9TH_OCTOBER_2014.json,7,"Thursday, 9th October, 2014","THURSDAY, 9TH OCTOBER, 2014",https://www.parliament.gov.zm/node/455
paper_ORDER_PAPER_–_FRIDAY_1ST_MARCH_2013.json,20,"Friday, 1st March, 2013","ORDER PAPER – FRIDAY, 1ST MARCH, 2013",https://www.parliament.gov.zm/node/1685
paper_ORDER_PAPER_–_WEDNESDAY_8TH_JULY_2015.json,2,"Wednesday, 8th July, 2015","ORDER PAPER – WEDNESDAY, 8TH JULY, 2015",https://www.parliament.gov.zm/node/4284
paper_Tuesday_25th_July_2023_2023.json,5,"Tuesday, 25th July, 2023",,https://www.parliament.gov.zm/node/11147
paper_Wednesday_16th_February_2022_2022.json,19,"Wednesday, 16th February, 2022",,https://www.parliament.gov.zm/node/9997
paper_TUESDAY_23RD_OCTOBER_2012.json,15,"Tuesday, 23rd October, 2012","TUESDAY, 23RD OCTOBER, 2012",https://www.parliament.gov.zm/node/1811
paper_ORDER_PAPER_–_TUESDAY_16TH_FEBRUARY_2016.json,14,"Tuesday, 16th February, 2016","ORDER PAPER – TUESDAY, 16TH FEBRUARY, 2016",https://www.parliament.gov.zm/node/4906
paper_Friday_23rd_September_2022_2022.json,5,"Friday, 23rd September, 2022",,https://www.parliament.gov.zm/node/10621
paper_Thursday_6th_May_2021_2021.json,2,"Thursday, 6th May, 2021",,https://www.parliament.gov.zm/node/8990
paper_ORDER_PAPER_–_THURSDAY_5TH_MARCH_2015.json,14,"Thursday, 5th March, 2015","ORDER PAPER – THURSDAY, 5TH MARCH, 2015",https://www.parliament.gov.zm/node/383
paper_TUESDAY_24TH_NOVEMBER_2015.json,3,"Tuesday, 24th November, 2015","TUESDAY, 24TH NOVEMBER, 2015",https://www.parliament.gov.zm/node/4780
paper_ORDER_PAPER_–_FRIDAY_11TH_MARCH_2016.json,8,"Friday, 11th March, 2016","ORDER PAPER – FRIDAY, 11TH MARCH, 2016",https://www.parliament.gov.zm/node/4998
paper_Tuesday_23rd_July_2019_2019.json,9,"Tuesday, 23rd July, 2019",,https://www.parliament.gov.zm/node/8020
paper_FRIDAY_4TH_JULY_2014.json,5,"Friday, 4th July, 2014","FRIDAY, 4TH JULY, 2014",https://www.parliament.gov.zm/node/481
paper_Tuesday_6th_June_2023_2023.json,14,"Tuesday, 6th June, 2023",,https://www.parliament.gov.zm/node/11037
paper_ORDER_PAPER_–_THURSDAY_25TH_JUNE_2015.json,3,"Thursday, 25th June, 2015","ORDER PAPER – THURSDAY, 25TH JUNE, 2015",https://www.parliament.gov.zm/node/4214
paper_TUESDAY_3RD_DECEMBER_2013.json,2,"Tuesday, 3rd December, 2013","TUESDAY, 3RD DECEMBER, 2013",https://www.parliament.gov.zm/node/709
paper_Tuesday_17th_March_2020_2020.json,2,"Tuesday, 17th March, 2020",,https://www.parliament.gov.zm/node/8324
paper_Wednesday_7th_November_2018_2018.json,2,"Wednesday, 7th November, 2018",,https://www.parliament.gov.zm/node/7750
paper_Friday_4th_December_2020_2020.json,2,"Friday, 4th December, 2020",,https://www.parliament.gov.zm/node/8628
paper_Wednesday_14th_September_2022_2022.json,5,"Wednesday, 14th September, 2022",,https://www.parliament.gov.zm/node/10340
paper_Wednesday_23rd_March_2022_2022.json,2,"Wednesday, 23rd March, 2022",,https://www.parliament.gov.zm/node/10074
paper_WEDNESDAY_4TH_NOVEMBER_2015.json,2,"Wednesday, 4th November, 2015","WEDNESDAY, 4TH NOVEMBER 2015",https://www.parliament.gov.zm/node/4737
paper_Tuesday_24th_June_2025_2025.json,5,"Tuesday, 24th June, 2025",,https://www.parliament.gov.zm/node/12396
paper_ORDER_PAPER_–_TUESDAY_10TH_MARCH_2015.json,10,"Tuesday, 10th March, 2015","ORDER PAPER – TUESDAY, 10TH MARCH, 2015",https://www.parliament.gov.zm/node/378
paper_THURSDAY_27TH_FEBRUARY_2014.json,10,"Thursday, 27th February, 2014","THURSDAY, 27TH FEBRUARY, 2014",https://www.parliament.gov.zm/node/646
paper_Thursday_15th_March_2018_2018.json,3,"Thursday, 15th March, 2018",,https://www.parliament.gov.zm/node/7449
paper_THURSDAY_3RD_DECEMBER_2015.json,6,"Thursday, 3rd December, 2015","THURSDAY, 3RD DECEMBER, 2015",https://www.parliament.gov.zm/node/4801
paper_THURSDAY_5TH_DECEMBER_2013.json,2,"Thursday, 5th December, 2013","THURSDAY, 5TH DECEMBER, 2013",https://www.parliament.gov.zm/node/689
paper_Thursday_31st_October_2024_2024.json,12,"Thursday, 31st October, 2024",,https://www.parliament.gov.zm/node/11974
paper_WEDNESDAY_4TH_MAY_2016.json,2,"Wednesday, 4th May, 2016","WEDNESDAY, 4TH MAY, 2016",https://www.parliament.gov.zm/node/5136
paper_Friday_15th_September_2023_2023.json,7,"Friday, 15th September, 2023",,https://www.parliament.gov.zm/node/11199
paper_Thursday_28th_September_2023_2023.json,3,"Thursday, 28th September, 2023",,https://www.parliament.gov.zm/node/11295
paper_ORDER_PAPER_–_THURSDAY_25TH_FEBRUARY_2016.json,2,"Thursday, 25th February, 2016","ORDER PAPER – THURSDAY, 25TH FEBRUARY, 2016",https://www.parliament.gov.zm/node/4950
paper_Wednesday5th_October_2022_2022.json,2,"Wednesday,5th October, 2022",,https://www.parliament.gov.zm/node/10642
paper_TUESDAY_25TH_FEBRUARY_2014.json,15,"Tuesday, 25th February, 2014","TUESDAY, 25TH FEBRUARY, 2014",https://www.parliament.gov.zm/node/651
paper_Wednesday_28th_June_2023_2023.json,4,"Wednesday, 28th June, 2023",,https://www.parliament.gov.zm/node/11089
paper_Wednesday_10th_February_2021_2021.json,5,"Wednesday, 10th February, 2021",,https://www.parliament.gov.zm/node/8743
paper_ORDER_PAPER_–_WEDNESDAY_25TH_MARCH_2015_1.json,7,"Wednesday, 25th March, 2015","ORDER PAPER – WEDNESDAY, 25TH MARCH, 2015",https://www.parliament.gov.zm/node/1704
paper_Wednesday_28th_February_2024_2024.json,5,"Wednesday, 28th February, 2024",,https://www.parliament.gov.zm/node/11598
paper_Friday_26th_July_2019_2019.json,1,"Friday, 26th July, 2019",,https://www.parliament.gov.zm/node/8035
paper_THURSDAY_10TH_OCTOBER_2013.json,5,"Thursday, 10th October, 2013","THURSDAY, 10TH OCTOBER, 2013",https://www.parliament.gov.zm/node/1506
paper_Wednesday_25th_October_2023_2023.json,2,"Wednesday, 25th October, 2023",,https://www.parliament.gov.zm/node/11386
paper_FRIDAY_19TH_OCTOBER_2012.json,10,"Friday, 19th October, 2012","FRIDAY, 19TH OCTOBER, 2012",https://www.parliament.gov.zm/node/1813
paper_THURSDAY_11TH_DECEMBER_2014.json,4,"Thursday, 11th December, 2014","THURSDAY, 11TH DECEMBER, 2014",https://www.parliament.gov.zm/node/418
paper_Wednesday_26th_February_2025_2025.json,7,"Wednesday, 26th February, 2025",,https://www.parliament.gov.zm/node/12178
paper_TUESDAY_11TH_FEBRUARY_2014.json,25,"Tuesday, 11th February, 2014","TUESDAY, 11TH FEBRUARY, 2014",https://www.parliament.gov.zm/node/663
paper_Tuesday_19th_March_2024_2024.json,6,"Tuesday, 19th March, 2024",,https://www.parliament.gov.zm/node/11635
paper_Wednesday_3rd_November_2021_2021.json,3,"Wednesday, 3rd November, 2021",,https://www.parliament.gov.zm/node/9873
paper_Wednesday_30th_October_2024_2024.json,8,"Wednesday, 30th October, 2024",,https://www.parliament.gov.zm/node/11965
paper_Thursday_23rd_March_2023_2023.json,5,"Thursday, 23rd March, 2023",,https://www.parliament.gov.zm/node/10968
paper_Thursday_5th_July_2018_2018.json,5,"Thursday, 5th July, 2018",,https://www.parliament.gov.zm/node/7585
paper_WEDNESDAY_31ST_OCTOBER_2012.json,10,"Wednesday, 31st October, 2012","WEDNESDAY, 31ST OCTOBER, 2012",https://www.parliament.gov.zm/node/1801
paper_WEDNESDAY_26TH_SEPTEMBER_2012.json,15,"Wednesday, 26th September, 2012","WEDNESDAY, 26TH SEPTEMBER, 2012",https://www.parliament.gov.zm/node/1853
paper_ORDER_PAPER_–_FRIDAY_24TH_JULY_2015.json,10,"Friday, 24th July, 2015","ORDER PAPER – FRIDAY, 24TH JULY, 2015",https://www.parliament.gov.zm/node/4339
paper_WEDNESDAY_4TH_DECEMBER_2013.json,2,"Wednesday, 4th December, 2013","WEDNESDAY, 4TH DECEMBER, 2013",https://www.parliament.gov.zm/node/699
paper_WEDNESDAY_19TH_FEBRUARY_2014.json,11,"Wednesday, 19th February, 2014","WEDNESDAY, 19TH FEBRUARY, 2014",https://www.parliament.gov.zm/node/658
paper_WEDNESDAY_11TH_DECEMBER_2013.json,2,"Wednesday, 11th December, 2013","WEDNESDAY, 11TH DECEMBER, 2013",https://www.parliament.gov.zm/node/671
paper_Friday_1st_November_2024_2024.json,8,"Friday, 1st November, 2024",,https://www.parliament.gov.zm/node/11981
paper_WEDNESDAY_12TH_NOVEMBER_2014_1.json,2,"Wednesday, 29th October, 2014","WEDNESDAY, 12TH NOVEMBER, 2014",https://www.parliament.gov.zm/node/445
paper_TUESDAY_17TH_NOVEMBER_2015.json,3,"Tuesday, 17th November, 2015","TUESDAY, 17TH NOVEMBER 2015",https://www.parliament.gov.zm/node/4767
paper_Friday_1st_August_2025_2025.json,7,"Friday, 1st August, 2025",,https://www.parliament.gov.zm/node/12485
paper_FRIDAY_20TH_MARCH_2015.json,10,"Friday, 20th March, 2015","FRIDAY, 20TH MARCH, 2015",https://www.parliament.gov.zm/node/365
paper_Friday_25th_February_2022_2022.json,10,"Friday, 25th February, 2022",,https://www.parliament.gov.zm/node/10019
paper_Tuesday_22nd_September_2020_2020.json,4,"Tuesday, 22nd September, 2020",,https://www.parliament.gov.zm/node/8455
paper_ORDER_PAPER_–_THURSDAY_10TH_MARCH_2016.json,5,"Thursday, 10th March, 2016","ORDER PAPER – THURSDAY, 10TH MARCH, 2016",https://www.parliament.gov.zm/node/4996
paper_ORDER_PAPER_–_THURSDAY_11TH_JULY_2013.json,10,"Thursday, 11th July, 2013","ORDER PAPER – THURSDAY, 11TH JULY, 2013",https://www.parliament.gov.zm/node/1540
paper_Wednesday_15th_February_2023_2023.json,12,"Wednesday, 15th February, 2023",,https://www.parliament.gov.zm/node/10890
paper_TUESDAY_22ND_SEPTEMBER_2015.json,10,"Tuesday, 22nd September, 2015","TUESDAY, 22ND SEPTEMBER, 2015",https://www.parliament.gov.zm/node/4554
paper_Friday_15th_November_2024_2024.json,3,"Friday, 15th November, 2024",,https://www.parliament.gov.zm/node/12005
paper_Friday_30th_April_2021_2021.json,9,"Friday, 30th April, 2021",,https://www.parliament.gov.zm/node/8973
paper_WEDNESDAY_17TH_OCTOBER_2012.json,15,"Wednesday, 17th October, 2012","WEDNESDAY, 17TH OCTOBER, 2012",https://www.parliament.gov.zm/node/1818
paper_Friday_22nd_March_2019_2019.json,2,"Friday, 22nd March, 2019",,https://www.parliament.gov.zm/node/7914
paper_THURSDAY_21ST_JUNE_2012.json,10,"Thursday, 21st June, 2012","THURSDAY, 21ST JUNE, 2012",https://www.parliament.gov.zm/node/1926
paper_Friday_15th_July_2022_2022.json,2,"Friday, 15th July, 2022",,https://www.parliament.gov.zm/node/10258
paper_Thursday_20th_July_2023_2023.json,10,"Thursday, 20th July, 2023",,https://www.parliament.gov.zm/node/11140
paper_FRIDAY_28TH_NOVEMBER_2014.json,2,"Friday, 28th November, 2014","FRIDAY, 28TH NOVEMBER, 2014",https://www.parliament.gov.zm/node/428
paper_WEDNESDAY_27TH_NOVEMBER_2013.json,2,"Wednesday, 27th November, 2013","WEDNESDAY, 27TH NOVEMBER, 2013",https://www.parliament.gov.zm/node/733
paper_Wednesday_12th_July_2023_2023.json,14,"Wednesday, 12th July, 2023",,https://www.parliament.gov.zm/node/11126
paper_Tuesday_1st_March_2022_2022.json,15,"Tuesday, 1st March, 2022",,https://www.parliament.gov.zm/node/10020
paper_Wednesday_29th_March_2023_2023.json,5,"Wednesday, 29th March, 2023",,https://www.parliament.gov.zm/node/10986
paper_WEDNESDAY_26TH_NOVEMBER_2014.json,2,"Wednesday, 26th November, 2014","WEDNESDAY, 26TH NOVEMBER, 2014",https://www.parliament.gov.zm/node/434
paper_THURSDAY_2ND_OCTOBER_2014.json,15,"Thursday, 2nd October, 2014","THURSDAY, 2ND OCTOBER, 2014",https://www.parliament.gov.zm/node/459
paper_Friday_8th_July_2022_2022.json,2,"Friday, 8th July, 2022",,https://www.parliament.gov.zm/node/10237
paper_Wednesday_16th_September_2020_2020.json,5,"Wednesday, 16th September, 2020",,https://www.parliament.gov.zm/node/8448
paper_Tuesday_18th_March_2025_2025.json,4,"Tuesday, 18th March, 2025",,https://www.parliament.gov.zm/node/12236
paper_Tuesday_28th_June_2022_2022.json,2,"Tuesday, 28th June, 2022",,https://www.parliament.gov.zm/node/10210
paper_TUESDAY_30TH_OCTOBER_2012.json,10,"Tuesday, 30th October, 2012","TUESDAY, 30TH OCTOBER, 2012",https://www.parliament.gov.zm/node/1802
paper_Wednesday_25th_September_2024_2024.json,2,"Wednesday, 25th September, 2024",,https://www.parliament.gov.zm/node/11912
paper_Tuesday_17th_October_2023_2023.json,4,"Tuesday, 17th October, 2023",,https://www.parliament.gov.zm/node/11374
paper_THURSDAY_1ST_OCTOBER_2015.json,5,"Thursday, 1st October, 2015","THURSDAY, 1ST OCTOBER, 2015",https://www.parliament.gov.zm/node/4623
paper_Tuesday_4th_March_2025_2025.json,4,"Tuesday, 4th March, 2025",,https://www.parliament.gov.zm/node/12204
paper_THURSDAY_17TH_NOVEMBER_2011.json,6,"Thursday, 17th November, 2011","THURSDAY, 17TH NOVEMBER, 2011",https://www.parliament.gov.zm/node/2029
paper_THURSDAY_26TH_NOVEMBER_2015.json,3,"Thursday, 26th November, 2015","THURSDAY, 26TH NOVEMBER, 2015",https://www.parliament.gov.zm/node/4783
paper_Tuesday_25th_June_2019_2019.json,4,"Tuesday, 25th June, 2019",,https://www.parliament.gov.zm/node/7977
paper_ORDER_PAPER_–_WEDNESDAY_17TH_FEBRUARY_2016.json,10,"Wednesday, 17th February, 2016","ORDER PAPER – WEDNESDAY, 17TH FEBRUARY, 2016",https://www.parliament.gov.zm/node/4908
paper_Wednesday_20th_September_2023_2023.json,4,"Wednesday, 20th September, 2023",,https://www.parliament.gov.zm/node/11205
paper_Wednesday_26th_June_2019_2019.json,2,"Wednesday, 26th June, 2019",,https://www.parliament.gov.zm/node/7981
paper_WEDNESDAY_22ND_OCTOBER_2014.json,2,"Wednesday, 22nd October, 2014","WEDNESDAY, 22ND OCTOBER, 2014",https://www.parliament.gov.zm/node/448
paper_Thursday_24th_February_2022_2022.json,14,"Thursday, 24th February, 2022",,https://www.parliament.gov.zm/node/10018
paper_WEDNESDAY_30TH_SEPTEMBER_2015.json,10,"Wednesday, 30th September, 2015","WEDNESDAY, 30TH SEPTEMBER, 2015",https://www.parliament.gov.zm/node/4614
paper_Thursday_22nd_February_2024_2024.json,10,"Thursday, 22nd February, 2024",,https://www.parliament.gov.zm/node/11589
paper_THURSDAY_16TH_OCTOBER_2014.json,15,"Thursday, 16th October, 2014","THURSDAY, 16TH OCTOBER, 2014",https://www.parliament.gov.zm/node/451
paper_WEDNESDAY_10TH_OCTOBER_2012.json,10,"Wednesday, 10th October, 2012","WEDNESDAY, 10TH OCTOBER, 2012",https://www.parliament.gov.zm/node/1826
paper_Thursday_7th_March_2024_2024.json,8,"Thursday, 7th March, 2024",,https://www.parliament.gov.zm/node/11615
paper_ORDER_PAPER_–_TUESDAY_28TH_JULY_2015.json,15,"Tuesday, 28th July, 2015","ORDER PAPER – TUESDAY, 28TH JULY, 2015",https://www.parliament.gov.zm/node/4361
paper_Thursday_21st_October_2021_2021.json,5,"Thursday, 21st October, 2021",,https://www.parliament.gov.zm/node/9844
paper_FRIDAY_21ST_NOVEMBER_2014.json,2,"Friday, 21st November, 2014","FRIDAY, 21ST NOVEMBER, 2014",https://www.parliament.gov.zm/node/437
paper_WEDNESDAY_13TH_NOVEMBER_2013.json,3,"Wednesday, 13th November, 2013","WEDNESDAY, 13TH NOVEMBER, 2013",https://www.parliament.gov.zm/node/777
paper_WEDNESDAY_16TH_OCTOBER_2013.json,10,"Wednesday, 16th October, 2013","WEDNESDAY, 16TH OCTOBER, 2013",https://www.parliament.gov.zm/node/1451
paper_ORDER_PAPER_–_FRIDAY_15TH_APRIL_2016.json,2,"Friday, 15th April, 2016","ORDER PAPER – FRIDAY, 15TH APRIL, 2016",https://www.parliament.gov.zm/node/5041
paper_TUESDAY_15TH_JULY_2014.json,15,"Tuesday, 15th July, 2014","TUESDAY, 15TH JULY, 2014",https://www.parliament.gov.zm/node/477
paper_THURSDAY_4TH_DECEMBER_2014.json,4,"Thursday, 4th December, 2014","THURSDAY, 4TH DECEMBER, 2014",https://www.parliament.gov.zm/node/424
paper_Tuesday_17th_September_2019_2019.json,20,"Tuesday, 17th September, 2019",,https://www.parliament.gov.zm/node/8079
paper_ORDER_PAPER_–_WEDNESDAY_14TH_OCTOBER_2015.json,5,"Wednesday, 14th October, 2015","ORDER PAPER – WEDNESDAY, 14TH OCTOBER, 2015",https://www.parliament.gov.zm/node/4662
paper_TUESDAY_26TH_APRIL_2016.json,4,"Tuesday, 26th April, 2016","TUESDAY, 26TH APRIL, 2016",https://www.parliament.gov.zm/node/5090
paper_WEDNESDAY_20TH_NOVEMBER_2013.json,2,"Wednesday, 20th November, 2013","WEDNESDAY, 20TH NOVEMBER, 2013",https://www.parliament.gov.zm/node/760
paper_Thursday_26th_June_2025_2025.json,5,"Thursday, 26th June, 2025",,https://www.parliament.gov.zm/node/12398
paper_Friday_16th_September_2022_2022.json,4,"Friday, 16th September, 2022",,https://www.parliament.gov.zm/node/10353
paper_WEDNESDAY_5TH_MARCH_2014.json,10,"Wednesday, 5th March, 2014","WEDNESDAY, 5TH MARCH, 2014",https://www.parliament.gov.zm/node/639
paper_TUESDAY_19TH_NOVEMBER_2013.json,3,"Tuesday, 19th November, 2013","TUESDAY, 19TH NOVEMBER, 2013",https://www.parliament.gov.zm/node/765
paper_ORDER_PAPER_–_WEDNESDAY_22ND_JULY_2015.json,10,"Wednesday, 22nd July, 2015","ORDER PAPER – WEDNESDAY, 22ND JULY, 2015",https://www.parliament.gov.zm/node/4327
paper_Thursday_7th_March_2019_2019.json,5,"Thursday, 7th March, 2019",,https://www.parliament.gov.zm/node/7901
paper_ORDER_PAPER_–_THURSDAY_18TH_JULY_2013.json,16,"Thursday, 18th July, 2013","ORDER PAPER – THURSDAY, 18TH JULY, 2013",https://www.parliament.gov.zm/node/1523
paper_ORDER_PAPER_–_TUESDAY_6TH_OCTOBER_2015.json,6,"Tuesday, 6th October, 2015","ORDER PAPER – TUESDAY 6TH OCTOBER, 2015",https://www.parliament.gov.zm/node/4633
paper_WEDNESDAY_14TH_NOVEMBER_2012.json,2,"Wednesday, 14th November, 2012","WEDNESDAY, 14TH NOVEMBER, 2012",https://www.parliament.gov.zm/node/1788
paper_Friday_5th_February_2021_2021.json,5,"Friday, 5th February, 2021",,https://www.parliament.gov.zm/node/8710
paper_WEDNESDAY_2ND_OCTOBER_2013.json,6,"Wednesday, 2nd October, 2013","WEDNESDAY, 2ND OCTOBER, 2013",https://www.parliament.gov.zm/node/1513
paper_Wednesday_13th_June_2018_2018.json,2,"Wednesday, 13th June, 2018",,https://www.parliament.gov.zm/node/7534
paper_WEDNESDAY_11TH_NOVEMBER_2015.json,2,"Wednesday, 11th November, 2015","WEDNESDAY, 11TH NOVEMBER 2015",https://www.parliament.gov.zm/node/4758
paper_Thursday_17th_July_2025_2025.json,3,"Thursday, 17th July, 2025",,https://www.parliament.gov.zm/node/12454
paper_Thursday_27th_February_2025_2025.json,6,"Thursday, 27th February, 2025",,https://www.parliament.gov.zm/node/12186
paper_THURSDAY_5TH_NOVEMBER_2015.json,3,"Thursday, 5th November, 2015","THURSDAY, 5TH NOVEMBER 2015",https://www.parliament.gov.zm/node/4742
paper_ORDER_PAPER_–_FRIDAY_3RD_JULY_2015.json,5,"Friday, 3rd July, 2015","ORDER PAPER – FRIDAY, 3RD JULY, 2015",https://www.parliament.gov.zm/node/4273
paper_Friday_22nd_July_2022_2022.json,3,"Friday, 22nd July, 2022",,https://www.parliament.gov.zm/node/10271
paper_ORDER_PAPER_–_WEDNESDAY_4TH_MARCH_2015.json,10,"Wednesday, 4th March, 2015","ORDER PAPER – WEDNESDAY, 4TH MARCH, 2015",https://www.parliament.gov.zm/node/384
paper_Tuesday_20th_June_2023_2023.json,2,"Tuesday, 20th June, 2023",,https://www.parliament.gov.zm/node/11075
paper_Tuesday_2nd_February_2021_2021.json,7,"Tuesday, 2nd February, 2021",,https://www.parliament.gov.zm/node/8705
paper_Wednesday_31st_March_2021_2021.json,2,"Wednesday, 31st March, 2021",,https://www.parliament.gov.zm/node/8872
paper_Tuesday_13th_February_2024_2024.json,12,"Tuesday, 13th February, 2024",,https://www.parliament.gov.zm/node/11562
paper_Tuesday_3rd_October_2023_2023.json,5,"Tuesday, 3rd October, 2023",,https://www.parliament.gov.zm/node/11336
paper_Wednesday_20th_March_2024_2024.json,2,"Wednesday, 20th March, 2024",,https://www.parliament.gov.zm/node/11636
paper_ORDER_PAPER_–_TUESDAY_23RD_FEBRUARY_2016.json,2,"Tuesday, 23rd February, 2016","ORDER PAPER – TUESDAY, 23RD FEBRUARY, 2016",https://www.parliament.gov.zm/node/4931
paper_Wednesday_5th_July_2023_2023.json,7,"Wednesday, 5th July, 2023",,https://www.parliament.gov.zm/node/11104
paper_FRIDAY_5TH_JULY_2013.json,5,"Friday, 5th July, 2013","FRIDAY, 5TH JULY, 2013",https://www.parliament.gov.zm/node/1549
paper_Friday_20th_September_2024_2024.json,2,"Friday, 20th September, 2024",,https://www.parliament.gov.zm/node/11900
paper_WEDNESDAY_27TH_APRIL_2016.json,2,"Wednesday, 27th April, 2016","WEDNESDAY, 27TH APRIL, 2016",https://www.parliament.gov.zm/node/5103
paper_WEDNESDAY_28TH_NOVEMBER_2012.json,1,"Wednesday, 28th November, 2012","WEDNESDAY, 28TH NOVEMBER, 2012",https://www.parliament.gov.zm/node/1737
paper_Friday_22nd_October_2021_2021.json,5,"Friday, 22nd October, 2021",,https://www.parliament.gov.zm/node/9845
paper_Friday_28th_June_2019_2019.json,5,"Friday, 28th June, 2019",,https://www.parliament.gov.zm/node/7983
paper_TUESDAY_12TH_NOVEMBER_2013.json,3,"Tuesday, 12th November, 2013","TUESDAY, 12TH NOVEMBER, 2013",https://www.parliament.gov.zm/node/784
paper_THURSDAY_28TH_JUNE_2012.json,10,"Thursday, 28th June, 2012","THURSDAY, 28TH JUNE, 2012",https://www.parliament.gov.zm/node/1913
paper_Tuesday_19th_October_2021_2021.json,6,"Tuesday, 19th October, 2021",,https://www.parliament.gov.zm/node/9823
paper_Tuesday_15th_March_2022_2022.json,5,"Tuesday, 15th March, 2022",,https://www.parliament.gov.zm/node/10046
paper_Tuesday_19th_March_2019_2019.json,1,"Tuesday, 19th March, 2019",,https://www.parliament.gov.zm/node/7908
paper_TUESDAY_20TH_NOVEMBER_2012.json,2,"Tuesday, 20th November, 2012","TUESDAY, 20TH NOVEMBER, 2012",https://www.parliament.gov.zm/node/1781
paper_ORDER_PAPER_–_TUESDAY_13TH_OCTOBER_2015.json,10,"Tuesday, 13th October, 2015","ORDER PAPER – TUESDAY, 13TH OCTOBER, 2015",https://www.parliament.gov.zm/node/4653
paper_Wednesday_22nd_March_2023_2023.json,2,"Wednesday, 22nd March, 2023",,https://www.parliament.gov.zm/node/10963
paper_THURSDAY_26TH_JUNE_2014.json,5,"Thursday, 26th June, 2014","THURSDAY, 26TH JUNE, 2014",https://www.parliament.gov.zm/node/489
paper_ORDER_PAPER_–_FRIDAY_19TH_FEBRUARY_2016.json,12,"Friday, 19th February, 2016","ORDER PAPER – FRIDAY, 19TH FEBRUARY, 2016",https://www.parliament.gov.zm/node/4917
paper_ORDER_PAPER_–_THURSDAY_27TH_June_2013.json,10,"Thursday, 27th June, 2013","ORDER PAPER – THURSDAY, 27TH June, 2013",https://www.parliament.gov.zm/node/1554
paper_THURSDAY_27TH_NOVEMBER_2014.json,2,"Thursday, 27th November, 2014","THURSDAY, 27TH NOVEMBER, 2014",https://www.parliament.gov.zm/node/430
paper_Friday_16th_February_2024_2024.json,8,"Friday, 16th February, 2024",,https://www.parliament.gov.zm/node/11574
paper_ORDER_PAPER_–_WEDNESDAY_20TH_FEBRUARY_2013.json,16,"Wednesday, 20th February, 2013","ORDER PAPER – WEDNESDAY, 20TH FEBRUARY, 2013",https://www.parliament.gov.zm/node/1695
paper_THURSDAY_10TH_DECEMBER_2015.json,2,"Thursday, 10th December, 2015","THURSDAY, 10TH DECEMBER, 2015",https://www.parliament.gov.zm/node/4819
paper_Tuesday_7th_March_2023_2023.json,5,"Tuesday, 7th March, 2023",,https://www.parliament.gov.zm/node/10930
paper_TUESDAY_30TH_SEPTEMBER_2014.json,15,"Tuesday, 30th September, 2014","TUESDAY, 30TH SEPTEMBER, 2014",https://www.parliament.gov.zm/node/461
paper_ORDER_PAPER_–TUESDAY_18TH_JUNE_2013.json,30,"Tuesday, 18th June, 2013","ORDER PAPER –TUESDAY, 18TH JUNE, 2013",https://www.parliament.gov.zm/node/1560
paper_ORDER_PAPER_–_TUESDAY_17TH_MARCH_2015.json,10,"Tuesday, 17th March, 2015","ORDER PAPER – TUESDAY, 17TH MARCH, 2015",https://www.parliament.gov.zm/node/371
paper_ORDER_PAPER_–_WEDNESDAY_19TH_JUNE_2013.json,15,"Wednesday, 19th June, 2013","ORDER PAPER – WEDNESDAY, 19TH JUNE, 2013",https://www.parliament.gov.zm/node/1559
paper_Tuesday_26th_January_2021_2021.json,12,"Tuesday, 26th January, 2021",,https://www.parliament.gov.zm/node/8684
paper_Tuesday_13th_September_2022_2022.json,7,"Tuesday, 13th September, 2022",,https://www.parliament.gov.zm/node/10339
paper_Thursday_13th_March_2025_2025.json,6,"Thursday, 13th March, 2025",,https://www.parliament.gov.zm/node/12226
paper_Wednesday_3rd_July_2019_2019.json,2,"Wednesday, 3rd July, 2019",,https://www.parliament.gov.zm/node/7984
paper_TUESDAY_10TH_NOVEMBER_2015.json,2,"Tuesday, 10th November, 2015","TUESDAY, 10TH NOVEMBER 2015",https://www.parliament.gov.zm/node/4756
paper_FRIDAY_18TH_OCTOBER_2013.json,5,"Friday, 18th October, 2013","FRIDAY, 18TH OCTOBER, 2013",https://www.parliament.gov.zm/node/855
paper_ORDER_PAPER_–_THURSDAY_18TH_FEBRUARY_2016.json,9,"Thursday, 18th February, 2016","ORDER PAPER – THURSDAY, 18TH FEBRUARY, 2016",https://www.parliament.gov.zm/node/4912
paper_Tuesday_18th_September_2018_2018.json,15,"Tuesday, 18th September, 2018",,https://www.parliament.gov.zm/node/7656
paper_Wednsday_13th_March_2024_2024.json,11,"Wednsday, 13th March, 2024",,https://www.parliament.gov.zm/node/11620
paper_ORDER_PAPER_–_WEDNESDAY_5TH_DECEMBER_2012.json,2,"Wednesday, 5th December, 2012","ORDER PAPER – WEDNESDAY, 5TH DECEMBER, 2012",https://www.parliament.gov.zm/node/1711
paper_ORDER_PAPER_–_TUESDAY_19TH_APRIL_2016.json,3,"Tuesday, 19th April, 2016","ORDER PAPER – TUESDAY, 19TH APRIL, 2016",https://www.parliament.gov.zm/node/5048
paper_WEDNESDAY_27TH_JUNE_2012.json,10,"Wednesday, 27th June, 2012","WEDNESDAY, 27TH JUNE, 2012",https://www.parliament.gov.zm/node/1916
paper_Thursday_26th_October_2023_2023.json,5,"Thursday, 26th October, 2023",,https://www.parliament.gov.zm/node/11387
paper_Friday_14th_October_2022_2022.json,2,"Friday, 14th October, 2022",,https://www.parliament.gov.zm/node/10666
paper_Wednesday_19th_February_2024_2024.json,4,"Wednesday, 19th February, 2024",,https://www.parliament.gov.zm/node/12166
paper_Wednesday_7th_June_2023_2023.json,10,"Wednesday, 7th June, 2023",,https://www.parliament.gov.zm/node/11044
paper_Wednesday_25th_June_2025_2025.json,2,"Wednesday, 25th June, 2025",,https://www.parliament.gov.zm/node/12397
paper_THURSDAY_26TH_SEPTEMBER_2013.json,10,"Thursday, 26th September, 2013","THURSDAY, 26TH SEPTEMBER, 2013",https://www.parliament.gov.zm/node/1516
paper_THURSDAY_7TH_NOVEMBER_2013.json,2,"Thursday, 7th November, 2013","THURSDAY, 7TH NOVEMBER, 2013",https://www.parliament.gov.zm/node/786
paper_TUESDAY_15TH_NOVEMBER_2011.json,5,"Tuesday, 15th November, 2011","TUESDAY, 15TH NOVEMBER, 2011",https://www.parliament.gov.zm/node/2031
paper_Wednesday_12th_February_2025_2025.json,8,"Wednesday, 12th February, 2025",,https://www.parliament.gov.zm/node/12140
paper_WEDNESDAY_17TH_DECEMBER_2014.json,2,"Wednesday, 17th December, 2014","WEDNESDAY, 17TH DECEMBER, 2014",https://www.parliament.gov.zm/node/414
paper_FRIDAY_18TH_JULY_2014.json,9,"Friday, 18th July, 2014","FRIDAY, 18TH JULY, 2014",https://www.parliament.gov.zm/node/474
paper_ORDER_PAPER_–_WEDNESDAY_3RD_JULY_2013.json,10,"Wednesday, 3rd July, 2013","ORDER PAPER – WEDNESDAY, 3RD JULY, 2013",https://www.parliament.gov.zm/node/1552
paper_FRIDAY_22ND_JUNE_2012.json,10,"Friday, 22nd June, 2012","FRIDAY, 22ND JUNE, 2012",https://www.parliament.gov.zm/node/1920
paper_THURSDAY_21ST_FEBRUARY_2013.json,24,"Thursday, 21st February, 2013","THURSDAY, 21ST FEBRUARY, 2013",https://www.parliament.gov.zm/node/1694
paper_Friday_13th_October_2023_2023.json,6,"Friday, 13th October, 2023",,https://www.parliament.gov.zm/node/11372
paper_Wednesday_27th_March_2024_2024.json,2,"Wednesday, 27th March, 2024",,https://www.parliament.gov.zm/node/11671
paper_Wednesday_21st_September_2022_2022.json,4,"Wednesday, 21st September, 2022",,https://www.parliament.gov.zm/node/10391
paper_Thursday_13th_February_2025_2025.json,6,"Thursday, 13th February, 2025",,https://www.parliament.gov.zm/node/12145
paper_Thursday_15th_September_2022_2022.json,4,"Thursday, 15th September, 2022",,https://www.parliament.gov.zm/node/10342
paper_ORDER_PAPER_–_WEDNESDAY_1ST_JULY_2015.json,15,"Wednesday, 1st July, 2015","ORDER PAPER – WEDNESDAY, 1ST JULY, 2015",https://www.parliament.gov.zm/node/4266
paper_WEDNESDAY_20TH_APRIL_2016.json,3,"Wednesday, 20th April, 2016","WEDNESDAY, 20TH APRIL, 2016",https://www.parliament.gov.zm/node/5069
paper_ORDER_PAPER_–_FRIDAY_13TH_MARCH_2015.json,5,"Friday, 13th March, 2015","ORDER PAPER – FRIDAY, 13TH MARCH, 2015",https://www.parliament.gov.zm/node/373
paper_WEDNESDAY_19TH_NOVEMBER_2014.json,2,"Wednesday, 19th November, 2014","WEDNESDAY, 19TH NOVEMBER, 2014",https://www.parliament.gov.zm/node/439
paper_Wednesday_13th_November_2024_2024.json,3,"Wednesday, 13th November, 2024",,https://www.parliament.gov.zm/node/12000
paper_ORDER_PAPER_–_FRIDAY_28TH_June_2013.json,9,"Friday, 28th June, 2013","ORDER PAPER – FRIDAY, 28TH June, 2013",https://www.parliament.gov.zm/node/1553
paper_WEDNESDAY_11TH_JULY_2012.json,10,"Wednesday, 11th July, 2012","WEDNESDAY, 11TH JULY, 2012",https://www.parliament.gov.zm/node/1889
paper_Thursday_13th_February_2020_2020.json,25,"Thursday, 13th February, 2020",,https://www.parliament.gov.zm/node/8281
paper_Friday_14th_March_2025_2025.json,5,"Friday, 14th March, 2025",,https://www.parliament.gov.zm/node/12230
paper_TUESDAY_8TH_DECEMBER_2015.json,2,"Tuesday, 8th December, 2015","TUESDAY, 8TH DECEMBER, 2015",https://www.parliament.gov.zm/node/4811
paper_ORDER_PAPER_–_FRIDAY_29TH_APRIL_2016.json,2,"Friday, 29th April, 2016","ORDER PAPER – FRIDAY, 29TH APRIL, 2016",https://www.parliament.gov.zm/node/5126
